config,method,fits,median_seconds,median_ms_per_participant_iteration,median_iterations,stopped_before_50,seconds_vs_cbm,ms_vs_cbm
0.26.0.dev1 (Phase 0 commit),cpm-empirical,20,90.87562635005452,20.803921870002526,50.0,0.45,9.902121712865382,4.736912106409524
0.26.0.dev1 (Phase 0 commit),cpm-variational,20,87.99754375009798,20.113323750020935,50.0,0.45,9.588515905135699,4.579667591858573
"new, defaults",cpm-empirical,20,73.94655685010366,17.220056519983338,50.0,0.45,8.057471905134292,3.9208902394592307
"new, defaults",cpm-variational,20,72.27422889997251,16.375839510001242,50.0,0.45,7.875249283171419,3.7286677441042935
"new, hessian",cpm-empirical,20,58.99186499998905,14.11793514001183,42.0,0.6,6.427957096534108,3.2145582116733054
"new, hessian",cpm-variational,20,52.845357749960385,13.838825339986943,39.0,0.65,5.758212464850953,3.151006800597213
"new, start",cpm-empirical,20,64.46359169995412,16.2473555700155,41.0,0.55,7.024175311898925,3.6994128211815522
"new, start",cpm-variational,20,65.32937605003826,15.764868770822067,44.0,0.65,7.118514161114703,3.5895538448518227
"new, start + hessian",cpm-empirical,20,47.108444100013,13.017018705396913,38.0,0.7,5.1330985646820135,2.9638869959352707
"new, start + hessian",cpm-variational,20,40.04392045002896,13.229554900014772,25.5,0.85,4.363323699460235,3.012280047958179
"new, start + hessian, 1 start",cpm-empirical,20,23.012659750063904,6.773201450007036,38.5,0.65,2.5075387860779714,1.5422120957852348
"new, start + hessian, 1 start",cpm-variational,20,17.833935800008476,6.9956334311127835,21.5,0.85,1.9432471610249897,1.592858351368021
comparison (cpm-empirical),cpm-empirical,20,81.6190145999426,19.751574295005412,50.0,0.45,8.893489366879983,4.497299691053249
comparison (cpm-variational),cpm-variational,20,70.75931959995069,14.922597907213236,50.0,0.45,7.710179540323271,3.3977744738449753
comparison (cbm),cbm,20,9.17738935,4.391874158241759,21.0,0.9,1.0,1.0
