config,method,parameter,rmse_mean,rmse_sd
0.26.0.dev1 (Phase 0 commit),cpm-empirical,alpha,"0.013 [0.008, 0.018]","0.026 [0.016, 0.035]"
0.26.0.dev1 (Phase 0 commit),cpm-empirical,temperature,"0.199 [0.129, 0.262]","0.212 [0.136, 0.281]"
0.26.0.dev1 (Phase 0 commit),cpm-variational,alpha,"0.012 [0.008, 0.015]","0.028 [0.020, 0.035]"
0.26.0.dev1 (Phase 0 commit),cpm-variational,temperature,"0.184 [0.122, 0.240]","0.220 [0.134, 0.296]"
"new, defaults",cpm-empirical,alpha,"0.013 [0.008, 0.018]","0.026 [0.016, 0.035]"
"new, defaults",cpm-empirical,temperature,"0.199 [0.129, 0.262]","0.212 [0.136, 0.281]"
"new, defaults",cpm-variational,alpha,"0.012 [0.008, 0.015]","0.028 [0.020, 0.035]"
"new, defaults",cpm-variational,temperature,"0.184 [0.122, 0.240]","0.220 [0.134, 0.296]"
"new, hessian",cpm-empirical,alpha,"0.012 [0.008, 0.017]","0.021 [0.011, 0.028]"
"new, hessian",cpm-empirical,temperature,"0.197 [0.128, 0.261]","0.191 [0.109, 0.256]"
"new, hessian",cpm-variational,alpha,"0.012 [0.008, 0.015]","0.025 [0.017, 0.031]"
"new, hessian",cpm-variational,temperature,"0.180 [0.121, 0.235]","0.170 [0.105, 0.225]"
"new, start",cpm-empirical,alpha,"0.013 [0.008, 0.017]","0.027 [0.016, 0.037]"
"new, start",cpm-empirical,temperature,"0.199 [0.130, 0.262]","0.211 [0.136, 0.281]"
"new, start",cpm-variational,alpha,"0.012 [0.009, 0.015]","0.029 [0.021, 0.036]"
"new, start",cpm-variational,temperature,"0.186 [0.124, 0.242]","0.211 [0.133, 0.282]"
"new, start + hessian",cpm-empirical,alpha,"0.012 [0.008, 0.017]","0.021 [0.012, 0.028]"
"new, start + hessian",cpm-empirical,temperature,"0.200 [0.129, 0.262]","0.191 [0.108, 0.256]"
"new, start + hessian",cpm-variational,alpha,"0.012 [0.008, 0.015]","0.025 [0.017, 0.031]"
"new, start + hessian",cpm-variational,temperature,"0.183 [0.123, 0.236]","0.170 [0.105, 0.225]"
"new, start + hessian, 1 start",cpm-empirical,alpha,"0.012 [0.008, 0.016]","0.022 [0.013, 0.028]"
"new, start + hessian, 1 start",cpm-empirical,temperature,"0.200 [0.130, 0.262]","0.180 [0.094, 0.249]"
"new, start + hessian, 1 start",cpm-variational,alpha,"0.011 [0.009, 0.014]","0.025 [0.018, 0.031]"
"new, start + hessian, 1 start",cpm-variational,temperature,"0.183 [0.122, 0.236]","0.171 [0.107, 0.226]"
comparison (cpm-empirical),cpm-empirical,alpha,"0.013 [0.008, 0.018]","0.026 [0.016, 0.035]"
comparison (cpm-empirical),cpm-empirical,temperature,"0.199 [0.127, 0.259]","0.213 [0.133, 0.279]"
comparison (cpm-variational),cpm-variational,alpha,"0.012 [0.008, 0.015]","0.028 [0.021, 0.035]"
comparison (cpm-variational),cpm-variational,temperature,"0.184 [0.123, 0.240]","0.205 [0.126, 0.279]"
comparison (cbm),cbm,alpha,"0.023 [0.018, 0.029]","0.022 [0.015, 0.028]"
comparison (cbm),cbm,temperature,"0.279 [0.183, 0.362]","0.176 [0.115, 0.234]"
