config,method,parameter,individual_rmse
0.26.0.dev1 (Phase 0 commit),cpm-empirical,alpha,"0.085 [0.073, 0.097]"
0.26.0.dev1 (Phase 0 commit),cpm-empirical,temperature,"0.763 [0.640, 0.895]"
0.26.0.dev1 (Phase 0 commit),cpm-variational,alpha,"0.085 [0.074, 0.097]"
0.26.0.dev1 (Phase 0 commit),cpm-variational,temperature,"0.763 [0.642, 0.895]"
"new, defaults",cpm-empirical,alpha,"0.085 [0.073, 0.097]"
"new, defaults",cpm-empirical,temperature,"0.763 [0.640, 0.895]"
"new, defaults",cpm-variational,alpha,"0.085 [0.074, 0.097]"
"new, defaults",cpm-variational,temperature,"0.763 [0.642, 0.895]"
"new, hessian",cpm-empirical,alpha,"0.084 [0.073, 0.096]"
"new, hessian",cpm-empirical,temperature,"0.760 [0.637, 0.892]"
"new, hessian",cpm-variational,alpha,"0.085 [0.074, 0.096]"
"new, hessian",cpm-variational,temperature,"0.758 [0.636, 0.889]"
"new, start",cpm-empirical,alpha,"0.085 [0.074, 0.097]"
"new, start",cpm-empirical,temperature,"0.760 [0.637, 0.893]"
"new, start",cpm-variational,alpha,"0.085 [0.074, 0.097]"
"new, start",cpm-variational,temperature,"0.762 [0.640, 0.892]"
"new, start + hessian",cpm-empirical,alpha,"0.084 [0.073, 0.096]"
"new, start + hessian",cpm-empirical,temperature,"0.759 [0.635, 0.889]"
"new, start + hessian",cpm-variational,alpha,"0.085 [0.074, 0.096]"
"new, start + hessian",cpm-variational,temperature,"0.755 [0.635, 0.884]"
"new, start + hessian, 1 start",cpm-empirical,alpha,"0.085 [0.073, 0.096]"
"new, start + hessian, 1 start",cpm-empirical,temperature,"0.758 [0.635, 0.890]"
"new, start + hessian, 1 start",cpm-variational,alpha,"0.085 [0.074, 0.097]"
"new, start + hessian, 1 start",cpm-variational,temperature,"0.756 [0.634, 0.886]"
comparison (cpm-empirical),cpm-empirical,alpha,"0.085 [0.073, 0.097]"
comparison (cpm-empirical),cpm-empirical,temperature,"0.763 [0.639, 0.895]"
comparison (cpm-variational),cpm-variational,alpha,"0.085 [0.074, 0.097]"
comparison (cpm-variational),cpm-variational,temperature,"0.764 [0.642, 0.895]"
comparison (cbm),cbm,alpha,"0.085 [0.074, 0.097]"
comparison (cbm),cbm,temperature,"0.765 [0.634, 0.906]"
