case,backend,trials,parameters,objective_ms,reset_ms,prior_ms,run_ms,loss_ms,log_posterior,speed_up
RLRW,trial,71,2,3.5462499945424497,0.004899920895695686,0.004799920134246349,3.534849965944886,0.02019992098212242,-26.034401210112605,1.0
RLRW,python,71,2,0.4120499943383038,0.004700035788118839,0.004100031219422817,0.36609999369829893,0.03390002530068159,-26.034401210112605,8.60635855665341
RLRW,numba,71,2,0.05650008097290993,0.005200039595365524,0.004400033503770828,0.011400086805224419,0.01750001683831215,-26.034401210112605,62.765396676913944
HybridMBMF,trial,200,6,10.832400002982467,0.012500095181167126,0.00870006624609232,10.568150028120726,0.021600048057734966,-151.7819350468299,1.0
HybridMBMF,python,200,6,1.4124999870546162,0.012299977242946625,0.00870006624609232,1.4587999903596938,0.02234999556094408,-151.7819350468299,7.66895582460888
HybridMBMF,numba,200,6,0.09350001346319914,0.01309998333454132,0.009199953638017178,0.03125000512227416,0.02150004729628563,-151.7819350468299,115.85452880438369
PTSM,trial,40,4,1.9270499469712377,0.007900060154497623,0.006900052540004253,1.8142999615520239,0.019300030544400215,-36.42346848683204,1.0
PTSM,python,40,4,0.22014998830854893,0.008299946784973145,0.0069999368861317635,0.20319997565820813,0.022099993657320738,-36.42346848683204,8.753350212630494
PTSM,numba,40,4,0.06430002395063639,0.008299946784973145,0.006900052540004253,0.013000040780752897,0.019200029782950878,-36.42346848683204,29.969661418021374
PTSM1992,trial,40,6,1.969299977645278,0.0097999582067132,0.008399947546422482,1.8565500504337251,0.019399914890527725,-39.43873213610623,1.0
PTSM1992,python,40,6,0.26510003954172134,0.009999959729611874,0.008500064723193645,0.20109995966777205,0.018299906514585018,-39.43873213610623,7.42851634820428
PTSM1992,numba,40,6,0.07379997987300158,0.010200077667832375,0.008699949830770493,0.017000013031065464,0.019300030544400215,-39.43873213610623,26.68428881734305
PTSM2025,trial,40,5,1.7644499894231558,0.008599949069321156,0.007999944500625134,1.6838500159792602,0.01850002445280552,-33.01065168146936,1.0
PTSM2025,python,40,5,0.15740003436803818,0.00879995059221983,0.00800006091594696,0.10269996710121632,0.016700010746717453,-33.01065168146936,11.209972072162692
PTSM2025,numba,40,5,0.06005004979670048,0.008800067007541656,0.007900060154497623,0.010299962013959885,0.018000020645558834,-33.01065168146936,29.382989612776402
