ppt,block,trial,cue,rating,rt
101,1,1,B,0,8.22
101,1,2,C,0,1.586
101,1,3,D,0,1.536
101,1,4,X,0,0.77
101,1,5,Y,10,2.453
101,1,6,A,10,0.62
101,2,7,Y,10,0.586
101,2,8,X,0,1.836
101,2,9,C,0,0.803
101,2,10,A,10,1.236
101,2,11,B,0,1.653
101,2,12,D,0,1.853
101,3,13,A,10,1.47
101,3,14,C,0,1.22
101,3,15,D,0,0.853
101,3,16,B,0,0.57
101,3,17,X,0,0.42
101,3,18,Y,10,1.819
101,4,19,C,0,1.536
101,4,20,D,0,0.42
101,4,21,X,0,0.42
101,4,22,Y,0,0.42
101,4,23,A,10,1.386
101,4,24,B,0,1.253
101,5,25,B,0,0.503
101,5,26,D,0,0.887
101,5,27,C,0,0.42
101,5,28,X,0,0.422
101,5,29,A,10,1.12
101,5,30,Y,10,1.087
101,6,31,B,0,1.22
101,6,32,Y,10,1.286
101,6,33,C,0,1.62
101,6,34,D,0,0.503
101,6,35,A,10,1.387
101,6,36,X,0,1.186
101,7,37,Y,10,1.587
101,7,38,B,0,0.97
101,7,39,X,0,0.436
101,7,40,A,10,1.286
101,7,41,C,0,1.42
101,7,42,D,0,0.486
101,8,43,B,0,0.487
101,8,44,D,0,0.42
101,8,45,C,0,0.438
101,8,46,A,10,0.903
101,8,47,X,0,1.153
101,8,48,Y,10,1.17
101,9,49,C,0,1.236
101,9,50,B,0,0.453
101,9,51,Y,10,1.37
101,9,52,D,0,1.054
101,9,53,A,10,1.287
101,9,54,X,0,1.269
101,10,55,C,0,0.703
101,10,56,D,0,0.406
101,10,57,Y,10,1.369
101,10,58,A,10,1.403
101,10,59,B,0,1.253
101,10,60,X,0,0.587
102,1,1,D,0,3.389
102,1,2,B,0,2.041
102,1,3,Y,10,2.141
102,1,4,C,0,3.405
102,1,5,A,10,2.22
102,1,6,X,10,1.024
102,2,7,A,10,1.024
102,2,8,C,0,3.236
102,2,9,D,0,1.46
102,2,10,B,3,1.87
102,2,11,X,3,5.939
102,2,12,Y,10,2.122
102,3,13,C,0,1.62
102,3,14,B,0,0.955
102,3,15,A,10,1.322
102,3,16,X,3,2.024
102,3,17,Y,3,0.703
102,3,18,D,0,1.856
102,4,19,A,10,1.174
102,4,20,X,3,2.539
102,4,21,D,1,2.321
102,4,22,C,0,1.224
102,4,23,Y,3,1.72
102,4,24,B,0,1.42
102,5,25,A,10,1.039
102,5,26,B,0,1.452
102,5,27,D,0,1.253
102,5,28,Y,3,1.486
102,5,29,X,3,0.89
102,5,30,C,0,3.091
102,6,31,A,10,1.27
102,6,32,Y,3,1.857
102,6,33,X,3,0.653
102,6,34,D,0,1.105
102,6,35,C,0,0.931
102,6,36,B,0,2.791
102,7,37,D,0,0.903
102,7,38,X,3,1.321
102,7,39,Y,3,0.724
102,7,40,C,0,1.27
102,7,41,A,10,1.07
102,7,42,B,0,1.62
102,8,43,X,3,1.793
102,8,44,A,10,1.107
102,8,45,Y,3,1.291
102,8,46,B,0,1.122
102,8,47,C,0,0.986
102,8,48,D,0,0.889
102,9,49,D,0,0.603
102,9,50,C,0,1.003
102,9,51,A,9,1.275
102,9,52,B,0,1.674
102,9,53,Y,3,1.989
102,9,54,X,3,0.724
102,10,55,Y,3,0.803
102,10,56,B,0,1.074
102,10,57,A,10,1.603
102,10,58,C,0,2.574
102,10,59,X,3,1.153
102,10,60,D,0,1.155
103,1,1,D,1,9.153
103,1,2,A,10,2.037
103,1,3,Y,8,4.07
103,1,4,X,9,1.853
103,1,5,C,1,2.22
103,1,6,B,1,0.886
103,2,7,A,10,1.603
103,2,8,B,1,1.953
103,2,9,D,1,1.337
103,2,10,Y,8,1.787
103,2,11,C,1,2.703
103,2,12,X,9,1.92
103,3,13,A,10,0.803
103,3,14,Y,8,1.087
103,3,15,D,1,2.32
103,3,16,X,9,1.803
103,3,17,B,1,1.503
103,3,18,C,1,2.27
103,4,19,X,9,1.37
103,4,20,B,1,1.47
103,4,21,D,1,2.12
103,4,22,Y,8,2.153
103,4,23,A,10,1.103
103,4,24,C,1,1.337
103,5,25,A,10,1.47
103,5,26,X,9,1.136
103,5,27,C,2,1.703
103,5,28,Y,8,2.22
103,5,29,B,1,1.687
103,5,30,D,1,1.12
103,6,31,A,10,1.287
103,6,32,X,9,0.786
103,6,33,B,1,1.237
103,6,34,Y,8,1.553
103,6,35,D,1,1.336
103,6,36,C,1,1.053
103,7,37,B,1,1.003
103,7,38,D,1,0.553
103,7,39,A,10,1.42
103,7,40,Y,8,0.936
103,7,41,C,1,1.236
103,7,42,X,9,1.153
103,8,43,D,1,1.503
103,8,44,B,1,1.237
103,8,45,Y,8,1.82
103,8,46,X,9,0.987
103,8,47,C,1,1.603
103,8,48,A,10,1.22
103,9,49,D,1,1.42
103,9,50,Y,8,2.103
103,9,51,B,1,2.02
103,9,52,X,9,1.136
103,9,53,C,1,1.236
103,9,54,A,10,1.32
103,10,55,D,1,1.12
103,10,56,B,1,1.503
103,10,57,Y,8,1.453
103,10,58,X,9,0.637
103,10,59,A,10,0.637
103,10,60,C,1,1.486
104,1,1,X,5,15.954
104,1,2,A,10,3.553
104,1,3,Y,10,5.187
104,1,4,D,0,4.12
104,1,5,B,0,1.737
104,1,6,C,0,1.42
104,2,7,C,0,1.853
104,2,8,Y,10,2.87
104,2,9,A,10,1.187
104,2,10,D,0,2.02
104,2,11,X,5,4.27
104,2,12,B,0,3.103
104,3,13,C,0,1.103
104,3,14,A,10,2.62
104,3,15,Y,10,1.053
104,3,16,X,5,1.836
104,3,17,D,0,1.537
104,3,18,B,0,1.02
104,4,19,A,10,2.003
104,4,20,X,5,3.07
104,4,21,Y,10,2.72
104,4,22,C,0,1.687
104,4,23,D,0,0.801
104,4,24,B,0,1.07
104,5,25,D,0,3.486
104,5,26,B,0,1.053
104,5,27,A,10,1.887
104,5,28,X,5,1.653
104,5,29,Y,10,2.187
104,5,30,C,0,1.903
104,6,31,C,0,0.753
104,6,32,A,10,1.903
104,6,33,B,0,1.87
104,6,34,X,5,1.67
104,6,35,Y,10,1.92
104,6,36,D,0,1.503
104,7,37,C,0,0.77
104,7,38,Y,10,1.737
104,7,39,D,0,1.653
104,7,40,X,5,1.736
104,7,41,A,10,1.52
104,7,42,B,0,2.003
104,8,43,Y,10,3.77
104,8,44,B,0,1.653
104,8,45,C,0,4.62
104,8,46,X,5,2.387
104,8,47,A,10,6.72
104,8,48,D,0,2.837
104,9,49,B,0,0.67
104,9,50,C,0,0.52
104,9,51,X,5,1.653
104,9,52,D,0,1.37
104,9,53,A,10,1.62
104,9,54,Y,10,0.936
104,10,55,C,0,1.587
104,10,56,D,0,0.753
104,10,57,Y,10,1.97
104,10,58,X,5,1.536
104,10,59,B,0,2.77
104,10,60,A,10,1.753
105,1,1,Y,10,5.436
105,1,2,B,0,3.57
105,1,3,D,0,4.841
105,1,4,X,6,3.389
105,1,5,A,10,2.157
105,1,6,C,0,1.907
105,2,7,X,6,2.886
105,2,8,A,10,1.224
105,2,9,Y,10,2.253
105,2,10,B,0,1.439
105,2,11,D,0,0.686
105,2,12,C,0,0.524
105,3,13,D,2,2.558
105,3,14,B,0,1.424
105,3,15,A,10,3.453
105,3,16,C,0,1.67
105,3,17,Y,10,2.255
105,3,18,X,6,2.624
105,4,19,D,0,2.736
105,4,20,Y,10,1.324
105,4,21,X,6,3.856
105,4,22,B,0,6.641
105,4,23,C,0,0.931
105,4,24,A,10,2.22
105,5,25,A,10,0.404
105,5,26,B,0,1.437
105,5,27,D,0,0.843
105,5,28,C,0,0.503
105,5,29,X,6,1.77
105,5,30,Y,10,1.041
105,6,31,A,10,0.872
105,6,32,C,0,1.122
105,6,33,X,6,1.353
105,6,34,B,0,1.103
105,6,35,Y,10,1.155
105,6,36,D,0,1.153
105,7,37,C,1,0.603
105,7,38,A,10,1.139
105,7,39,B,0,1.19
105,7,40,Y,10,1.322
105,7,41,D,0,1.322
105,7,42,X,6,1.081
105,8,43,B,0,1.222
105,8,44,X,6,1.02
105,8,45,A,10,1.07
105,8,46,D,0,1.208
105,8,47,C,0,1.091
105,8,48,Y,10,1.056
105,9,49,C,0,1.053
105,9,50,B,0,1.224
105,9,51,X,6,0.957
105,9,52,A,10,0.915
105,9,53,Y,10,0.92
105,9,54,D,0,1.342
105,10,55,A,10,1.17
105,10,56,D,0,1.058
105,10,57,C,0,0.586
105,10,58,B,0,1.774
105,10,59,Y,10,1.253
105,10,60,X,6,1.153
106,1,1,X,5,5.036
106,1,2,Y,10,5.12
106,1,3,B,0,3.503
106,1,4,D,0,3.403
106,1,5,C,0,1.986
106,1,6,A,10,1.603
106,2,7,C,0,1.603
106,2,8,X,5,1.003
106,2,9,A,10,1.553
106,2,10,B,0,2.32
106,2,11,D,0,1.686
106,2,12,Y,10,1.253
106,3,13,D,0,0.903
106,3,14,C,0,3.887
106,3,15,A,10,1.837
106,3,16,Y,10,1.286
106,3,17,X,5,0.803
106,3,18,B,0,0.887
106,4,19,Y,10,2.02
106,4,20,D,0,1.486
106,4,21,B,0,1.003
106,4,22,A,10,1.305
106,4,23,C,0,1.603
106,4,24,X,5,1.103
106,5,25,Y,10,2.57
106,5,26,C,0,1.536
106,5,27,D,0,1.003
106,5,28,B,0,1.436
106,5,29,X,5,1.57
106,5,30,A,10,1.486
106,6,31,A,10,1.303
106,6,32,Y,10,0.936
106,6,33,B,0,1.236
106,6,34,X,5,1.853
106,6,35,D,0,1.02
106,6,36,C,0,1.303
106,7,37,B,0,1.019
106,7,38,C,0,1.336
106,7,39,D,0,0.97
106,7,40,Y,10,1.37
106,7,41,X,5,1.303
106,7,42,A,10,1.153
106,8,43,B,0,1.237
106,8,44,Y,10,1.07
106,8,45,A,10,1.286
106,8,46,D,0,1.136
106,8,47,C,0,0.886
106,8,48,X,5,0.903
106,9,49,A,10,1.153
106,9,50,D,0,1.236
106,9,51,B,0,1.303
106,9,52,Y,10,1.62
106,9,53,C,0,1.236
106,9,54,X,5,1.77
106,10,55,A,10,1.37
106,10,56,X,5,0.97
106,10,57,Y,10,2.386
106,10,58,C,0,0.736
106,10,59,B,0,0.487
106,10,60,D,0,1.336
107,1,1,D,0,8.653
107,1,2,Y,10,5.37
107,1,3,X,5,4.737
107,1,4,C,0,3.57
107,1,5,A,10,1.72
107,1,6,B,0,1.336
107,2,7,C,0,1.62
107,2,8,D,0,2.77
107,2,9,X,5,3.62
107,2,10,B,0,1.637
107,2,11,Y,10,2.437
107,2,12,A,10,1.453
107,3,13,A,10,1.236
107,3,14,C,0,1.053
107,3,15,D,0,1.37
107,3,16,B,0,2.303
107,3,17,Y,10,3.67
107,3,18,X,5,1.637
107,4,19,Y,10,1.77
107,4,20,D,0,1.253
107,4,21,X,5,1.72
107,4,22,C,0,1.587
107,4,23,B,0,2.303
107,4,24,A,10,1.803
107,5,25,B,0,1.37
107,5,26,D,0,1.253
107,5,27,C,0,0.953
107,5,28,A,10,1.32
107,5,29,Y,10,2.386
107,5,30,X,5,1.22
107,6,31,Y,10,1.887
107,6,32,D,0,1.037
107,6,33,B,0,1.486
107,6,34,X,5,1.936
107,6,35,A,10,2.086
107,6,36,C,0,1.136
107,7,37,Y,10,1.92
107,7,38,D,0,1.17
107,7,39,B,0,1.053
107,7,40,X,5,2.336
107,7,41,C,0,2.003
107,7,42,A,10,1.137
107,8,43,X,5,1.336
107,8,44,B,0,1.12
107,8,45,A,10,1.253
107,8,46,Y,10,1.136
107,8,47,D,0,1.403
107,8,48,C,0,1.453
107,9,49,A,10,1.036
107,9,50,B,0,1.969
107,9,51,Y,10,2.27
107,9,52,D,0,0.87
107,9,53,X,5,2.403
107,9,54,C,0,1.77
107,10,55,C,0,0.836
107,10,56,Y,10,1.303
107,10,57,X,5,1.086
107,10,58,B,0,1.237
107,10,59,D,0,0.853
107,10,60,A,10,1.037
108,1,1,X,2,12.452
108,1,2,D,0,1.753
108,1,3,B,0,2.086
108,1,4,C,0,0.554
108,1,5,A,10,1.803
108,1,6,Y,10,1.405
108,2,7,X,5,1.506
108,2,8,Y,10,1.374
108,2,9,C,0,3.153
108,2,10,D,0,1.253
108,2,11,A,10,1.691
108,2,12,B,0,2.022
108,3,13,B,0,0.737
108,3,14,Y,10,1.458
108,3,15,X,2,1.424
108,3,16,D,0,2.837
108,3,17,C,0,1.655
108,3,18,A,10,0.92
108,4,19,D,3,1.555
108,4,20,A,10,1.436
108,4,21,C,0,2.153
108,4,22,X,2,1.67
108,4,23,Y,10,0.938
108,4,24,B,0,3.374
108,5,25,C,0,1.374
108,5,26,B,0,0.587
108,5,27,X,2,1.803
108,5,28,Y,10,1.237
108,5,29,A,10,0.653
108,5,30,D,2,2.991
108,6,31,C,0,2.372
108,6,32,B,0,0.97
108,6,33,Y,10,2.872
108,6,34,X,2,1.724
108,6,35,A,10,1.237
108,6,36,D,2,1.174
108,7,37,C,0,1.324
108,7,38,X,2,1.037
108,7,39,Y,10,1.358
108,7,40,A,10,0.453
108,7,41,B,0,1.358
108,7,42,D,2,1.272
108,8,43,C,0,0.989
108,8,44,D,2,1.481
108,8,45,A,10,1.22
108,8,46,X,2,1.17
108,8,47,B,0,1.405
108,8,48,Y,10,1.353
108,9,49,A,10,0.524
108,9,50,D,2,2.12
108,9,51,Y,10,1.291
108,9,52,C,0,2.058
108,9,53,B,0,2.124
108,9,54,X,0,2.269
108,10,55,B,0,0.922
108,10,56,Y,10,1.024
108,10,57,X,0,1.736
108,10,58,D,0,2.17
108,10,59,A,10,0.993
108,10,60,C,0,1.37
109,1,1,D,2,4.486
109,1,2,C,0,1.77
109,1,3,B,0,0.92
109,1,4,Y,8,1.703
109,1,5,A,8,0.686
109,1,6,X,5,1.553
109,2,7,C,0,1.52
109,2,8,A,8,1.536
109,2,9,Y,8,0.803
109,2,10,D,0,1.32
109,2,11,B,0,1.12
109,2,12,X,0,2.353
109,3,13,X,0,0.62
109,3,14,D,0,2.07
109,3,15,B,0,1.02
109,3,16,A,9,1.52
109,3,17,Y,9,0.703
109,3,18,C,0,1.136
109,4,19,A,9,1.537
109,4,20,Y,9,0.57
109,4,21,X,0,1.07
109,4,22,B,0,0.737
109,4,23,D,0,0.52
109,4,24,C,0,0.553
109,5,25,X,0,0.453
109,5,26,B,0,0.919
109,5,27,C,0,0.57
109,5,28,Y,9,1.153
109,5,29,D,0,1.62
109,5,30,A,9,1.07
109,6,31,A,9,0.603
109,6,32,X,0,0.887
109,6,33,Y,9,1.003
109,6,34,C,0,0.853
109,6,35,D,0,1.02
109,6,36,B,0,1.187
109,7,37,D,0,0.886
109,7,38,C,0,0.436
109,7,39,A,8,0.936
109,7,40,X,1,1.036
109,7,41,Y,9,1.387
109,7,42,B,0,1.387
109,8,43,B,0,0.436
109,8,44,C,0,0.42
109,8,45,D,0,0.423
109,8,46,X,0,0.42
109,8,47,Y,8,1.003
109,8,48,A,8,0.47
109,9,49,Y,8,0.52
109,9,50,B,0,1.053
109,9,51,X,0,0.536
109,9,52,D,0,0.437
109,9,53,A,10,1.186
109,9,54,C,0,0.953
109,10,55,X,9,0.953
109,10,56,Y,9,0.704
109,10,57,D,0,1.403
109,10,58,B,0,0.603
109,10,59,A,9,1.186
109,10,60,C,0,0.886
110,1,1,Y,8,6.298
110,1,2,A,9,1.753
110,1,3,X,6,1.907
110,1,4,D,0,1.743
110,1,5,C,3,1.453
110,1,6,B,3,3.97
110,2,7,A,9,1.322
110,2,8,D,0,1.489
110,2,9,C,0,3.991
110,2,10,Y,9,1.256
110,2,11,X,8,1.542
110,2,12,B,3,1.225
110,3,13,A,10,1.222
110,3,14,X,8,0.807
110,3,15,B,0,1.339
110,3,16,D,0,1.853
110,3,17,Y,9,1.272
110,3,18,C,2,1.422
110,4,19,D,0,1.372
110,4,20,C,1,1.159
110,4,21,A,9,1.259
110,4,22,B,2,3.472
110,4,23,Y,7,1.253
110,4,24,X,8,1.105
110,5,25,A,9,0.825
110,5,26,C,2,1.086
110,5,27,B,5,1.271
110,5,28,Y,10,0.974
110,5,29,D,0,1.193
110,5,30,X,9,1.104
110,6,31,A,10,1.041
110,6,32,D,1,0.958
110,6,33,X,6,1.788
110,6,34,C,1,1.506
110,6,35,B,3,2.041
110,6,36,Y,9,0.838
110,7,37,C,0,1.222
110,7,38,B,3,1.307
110,7,39,A,10,0.891
110,7,40,Y,7,0.924
110,7,41,D,0,0.924
110,7,42,X,6,1.372
110,8,43,C,1,1.82
110,8,44,Y,7,1.093
110,8,45,A,9,1.221
110,8,46,D,0,1.72
110,8,47,X,8,1.291
110,8,48,B,1,2.154
110,9,49,X,9,1.803
110,9,50,Y,6,0.903
110,9,51,B,0,1.091
110,9,52,A,10,1.103
110,9,53,D,0,1.172
110,9,54,C,1,1.124
110,10,55,D,0,0.991
110,10,56,X,8,1.037
110,10,57,C,1,1.089
110,10,58,Y,7,1.507
110,10,59,A,10,1.42
110,10,60,B,0,1.004
111,1,1,X,0,5.57
111,1,2,B,1,9.054
111,1,3,Y,7,2.67
111,1,4,D,0,2.603
111,1,5,C,0,4.72
111,1,6,A,9,5.254
111,2,7,C,0,1.47
111,2,8,D,0,3.437
111,2,9,X,5,5.153
111,2,10,B,1,4.554
111,2,11,Y,10,1.903
111,2,12,A,10,0.953
111,3,13,A,10,0.62
111,3,14,Y,10,1.403
111,3,15,B,1,3.003
111,3,16,C,0,3.787
111,3,17,X,0,6.07
111,3,18,D,0,0.955
111,4,19,D,0,2.453
111,4,20,A,10,2.037
111,4,21,C,0,2.953
111,4,22,Y,10,4.187
111,4,23,X,5,2.453
111,4,24,B,1,5.82
111,5,25,A,10,1.503
111,5,26,X,5,2.637
111,5,27,B,0,2.203
111,5,28,Y,10,1.186
111,5,29,D,0,4.12
111,5,30,C,0,1.203
111,6,31,C,0,0.753
111,6,32,D,0,1.253
111,6,33,Y,10,1.337
111,6,34,X,2,3.803
111,6,35,B,0,3.337
111,6,36,A,10,1.07
111,7,37,A,10,0.97
111,7,38,X,1,1.537
111,7,39,Y,10,2.053
111,7,40,B,1,1.153
111,7,41,D,0,2.37
111,7,42,C,0,0.787
111,8,43,Y,10,2.403
111,8,44,B,0,3.803
111,8,45,A,10,1.52
111,8,46,X,1,1.97
111,8,47,D,0,1.837
111,8,48,C,0,0.587
111,9,49,Y,10,1.12
111,9,50,B,1,1.453
111,9,51,C,0,2.07
111,9,52,X,5,8.937
111,9,53,A,10,1.536
111,9,54,D,0,1.836
111,10,55,B,5,1.137
111,10,56,A,10,2.003
111,10,57,Y,10,1.653
111,10,58,D,0,2.453
111,10,59,C,0,0.703
111,10,60,X,5,1.486
112,1,1,C,0,9.957
112,1,2,B,0,1.508
112,1,3,X,5,2.325
112,1,4,Y,7,4.491
112,1,5,A,10,1.089
112,1,6,D,2,3.753
112,2,7,C,0,1.439
112,2,8,D,2,0.953
112,2,9,B,0,1.272
112,2,10,A,10,1.388
112,2,11,X,5,1.403
112,2,12,Y,8,3.622
112,3,13,X,5,3.303
112,3,14,Y,8,1.37
112,3,15,A,10,1.058
112,3,16,B,0,1.92
112,3,17,D,2,2.97
112,3,18,C,0,3.624
112,4,19,Y,8,1.605
112,4,20,D,2,2.224
112,4,21,B,0,2.191
112,4,22,X,5,1.238
112,4,23,C,0,10.503
112,4,24,A,10,1.705
112,5,25,D,2,2.787
112,5,26,C,0,1.124
112,5,27,B,0,0.603
112,5,28,A,10,1.337
112,5,29,Y,8,5.187
112,5,30,X,5,1.189
112,6,31,D,2,1.853
112,6,32,Y,8,1.591
112,6,33,B,0,1.441
112,6,34,A,10,1.204
112,6,35,C,0,4.089
112,6,36,X,5,1.47
112,7,37,X,5,0.891
112,7,38,D,2,2.756
112,7,39,Y,8,1.387
112,7,40,C,0,1.77
112,7,41,B,0,0.543
112,7,42,A,10,1.258
112,8,43,Y,8,1.32
112,8,44,B,0,1.553
112,8,45,A,10,1.21
112,8,46,C,0,5.97
112,8,47,D,2,1.505
112,8,48,X,5,1.172
112,9,49,X,5,0.822
112,9,50,B,0,2.687
112,9,51,C,0,1.82
112,9,52,Y,8,1.374
112,9,53,D,2,1.287
112,9,54,A,10,1.153
112,10,55,C,0,1.504
112,10,56,D,2,1.17
112,10,57,A,10,1.424
112,10,58,B,0,1.353
112,10,59,X,5,1.22
112,10,60,Y,8,2.045
113,1,1,C,2,6.67
113,1,2,D,2,1.42
113,1,3,B,3,2.236
113,1,4,A,10,3.453
113,1,5,X,8,6.053
113,1,6,Y,7,1.92
113,2,7,C,2,1.936
113,2,8,D,2,2.237
113,2,9,X,7,1.57
113,2,10,B,3,1.387
113,2,11,A,10,1.453
113,2,12,Y,6,1.637
113,3,13,Y,6,0.587
113,3,14,C,2,1.353
113,3,15,X,7,1.503
113,3,16,D,2,1.27
113,3,17,B,3,3.153
113,3,18,A,10,1.353
113,4,19,Y,7,1.287
113,4,20,D,3,1.287
113,4,21,B,4,1.27
113,4,22,X,7,2.086
113,4,23,A,10,1.137
113,4,24,C,1,1.086
113,5,25,A,10,1.753
113,5,26,C,2,1.337
113,5,27,X,6,1.27
113,5,28,D,2,1.17
113,5,29,Y,6,1.486
113,5,30,B,2,1.137
113,6,31,X,7,1.503
113,6,32,D,2,2.353
113,6,33,B,3,1.57
113,6,34,A,10,1.687
113,6,35,C,2,1.503
113,6,36,Y,7,1.636
113,7,37,Y,7,0.803
113,7,38,B,3,1.153
113,7,39,D,2,1.086
113,7,40,C,2,0.636
113,7,41,A,10,1.337
113,7,42,X,7,2.053
113,8,43,Y,7,2.137
113,8,44,B,3,2.32
113,8,45,C,3,1.42
113,8,46,X,7,1.12
113,8,47,A,10,1.287
113,8,48,D,3,1.103
113,9,49,Y,7,1.153
113,9,50,X,7,2.27
113,9,51,D,2,1.253
113,9,52,B,2,1.07
113,9,53,A,10,1.336
113,9,54,C,2,1.32
113,10,55,B,3,1.603
113,10,56,Y,7,2.47
113,10,57,A,10,1.42
113,10,58,X,7,2.07
113,10,59,C,2,1.387
113,10,60,D,2,1.036
114,1,1,C,0,3.537
114,1,2,A,10,3.237
114,1,3,X,0,2.37
114,1,4,B,0,3.156
114,1,5,D,0,0.854
114,1,6,Y,10,1.638
114,2,7,X,0,2.02
114,2,8,C,0,1.107
114,2,9,D,0,1.103
114,2,10,B,0,1.506
114,2,11,A,10,1.137
114,2,12,Y,10,0.589
114,3,13,X,0,1.174
114,3,14,Y,10,1.258
114,3,15,C,0,1.341
114,3,16,B,0,1.374
114,3,17,D,0,1.143
114,3,18,A,10,1.614
114,4,19,B,0,1.358
114,4,20,X,0,1.307
114,4,21,D,0,1.037
114,4,22,A,10,1.937
114,4,23,Y,10,0.653
114,4,24,C,0,1.272
114,5,25,D,0,1.672
114,5,26,A,10,1.574
114,5,27,C,0,1.22
114,5,28,Y,10,1.174
114,5,29,X,0,1.453
114,5,30,B,0,1.853
114,6,31,B,0,1.354
114,6,32,C,0,1.653
114,6,33,X,0,0.603
114,6,34,A,10,1.17
114,6,35,Y,10,0.553
114,6,36,D,0,1.076
114,7,37,C,0,1.136
114,7,38,X,0,0.603
114,7,39,D,0,0.724
114,7,40,B,0,0.573
114,7,41,Y,10,1.458
114,7,42,A,10,0.574
114,8,43,A,10,0.537
114,8,44,B,0,1.155
114,8,45,Y,10,1.123
114,8,46,D,0,1.02
114,8,47,C,0,0.653
114,8,48,X,0,0.957
114,9,49,Y,10,1.527
114,9,50,D,0,1.003
114,9,51,X,0,2.056
114,9,52,C,0,2.224
114,9,53,B,0,1.122
114,9,54,A,10,1.324
114,10,55,Y,10,0.625
114,10,56,C,0,1.203
114,10,57,X,0,1.039
114,10,58,D,0,0.753
114,10,59,A,10,1.338
114,10,60,B,0,1.822
115,1,1,A,10,7.891
115,1,2,D,0,4.057
115,1,3,B,0,1.388
115,1,4,C,0,1.843
115,1,5,X,5,3.955
115,1,6,Y,10,1.672
115,2,7,B,0,1.32
115,2,8,Y,5,1.941
115,2,9,A,10,1.455
115,2,10,X,5,1.308
115,2,11,C,0,1.158
115,2,12,D,0,3.739
115,3,13,Y,5,1.472
115,3,14,A,10,1.104
115,3,15,C,0,1.503
115,3,16,X,5,1.127
115,3,17,D,0,1.405
115,3,18,B,0,1.67
115,4,19,X,5,1.271
115,4,20,A,10,2.22
115,4,21,C,0,2.574
115,4,22,D,0,0.773
115,4,23,Y,5,1.208
115,4,24,B,0,0.888
115,5,25,B,0,0.756
115,5,26,C,0,0.606
115,5,27,Y,5,1.453
115,5,28,D,1,0.924
115,5,29,X,5,3.155
115,5,30,A,10,1.355
115,6,31,C,0,1.005
115,6,32,Y,5,1.259
115,6,33,B,0,1.188
115,6,34,A,10,2.169
115,6,35,D,0,1.87
115,6,36,X,5,0.853
115,7,37,A,10,1.12
115,7,38,B,0,1.191
115,7,39,X,5,1.202
115,7,40,C,0,1.02
115,7,41,Y,5,1.188
115,7,42,D,0,1.187
115,8,43,C,0,5.103
115,8,44,X,5,2.053
115,8,45,A,10,1.105
115,8,46,D,0,1.427
115,8,47,B,0,1.026
115,8,48,Y,10,2.622
115,9,49,X,5,1.706
115,9,50,B,0,1.272
115,9,51,Y,10,2.393
115,9,52,C,0,0.955
115,9,53,D,0,0.956
115,9,54,A,10,1.023
115,10,55,C,0,1.059
115,10,56,Y,10,2.04
115,10,57,X,5,1.42
115,10,58,D,0,2.006
115,10,59,A,10,1.056
115,10,60,B,0,1.09
116,1,1,Y,10,4.703
116,1,2,D,0,1.72
116,1,3,C,0,2.686
116,1,4,A,10,1.853
116,1,5,X,6,4.27
116,1,6,B,0,1.237
116,2,7,C,0,0.937
116,2,8,Y,10,2.453
116,2,9,A,10,0.97
116,2,10,B,0,1.737
116,2,11,X,3,2.67
116,2,12,D,0,1.603
116,3,13,X,4,1.387
116,3,14,C,0,1.17
116,3,15,D,0,1.02
116,3,16,A,10,1.253
116,3,17,Y,10,0.703
116,3,18,B,0,1.321
116,4,19,C,0,1.82
116,4,20,D,0,0.586
116,4,21,Y,10,0.887
116,4,22,X,4,1.203
116,4,23,B,0,0.836
116,4,24,A,10,1.069
116,5,25,A,10,0.787
116,5,26,D,0,1.204
116,5,27,B,0,0.753
116,5,28,X,4,1.436
116,5,29,C,0,1.286
116,5,30,Y,10,1.086
116,6,31,X,4,1.57
116,6,32,B,0,1.17
116,6,33,D,0,0.62
116,6,34,C,0,0.57
116,6,35,Y,10,1.136
116,6,36,A,10,0.553
116,7,37,X,5,1.453
116,7,38,C,0,0.903
116,7,39,A,10,1.12
116,7,40,B,0,1.22
116,7,41,Y,10,1.203
116,7,42,D,0,1.303
116,8,43,A,10,1.236
116,8,44,Y,10,0.47
116,8,45,X,4,0.937
116,8,46,B,0,0.87
116,8,47,C,0,0.654
116,8,48,D,0,0.603
116,9,49,D,0,0.637
116,9,50,A,10,0.936
116,9,51,Y,10,0.686
116,9,52,X,5,0.954
116,9,53,C,0,0.77
116,9,54,B,0,1.103
116,10,55,Y,10,1.103
116,10,56,B,0,1.203
116,10,57,D,0,0.687
116,10,58,C,0,0.787
116,10,59,X,5,1.003
116,10,60,A,10,1.237
117,1,1,D,1,10.18
117,1,2,A,8,4.522
117,1,3,C,2,2.09
117,1,4,X,8,1.873
117,1,5,Y,8,1.193
117,1,6,B,1,2.922
117,2,7,X,8,2.203
117,2,8,A,8,1.155
117,2,9,B,1,1.653
117,2,10,D,1,1.805
117,2,11,Y,8,1.174
117,2,12,C,1,0.938
117,3,13,C,1,0.807
117,3,14,D,1,0.826
117,3,15,A,8,1.353
117,3,16,X,8,0.991
117,3,17,Y,9,2.205
117,3,18,B,2,1.255
117,4,19,X,8,1.34
117,4,20,D,1,0.888
117,4,21,Y,10,1.505
117,4,22,C,0,1.339
117,4,23,A,10,2.774
117,4,24,B,1,3.541
117,5,25,C,1,1.638
117,5,26,X,9,1.06
117,5,27,D,1,1.322
117,5,28,B,1,0.891
117,5,29,Y,8,1.441
117,5,30,A,8,1.155
117,6,31,Y,9,2.703
117,6,32,X,9,1.093
117,6,33,C,1,1.021
117,6,34,A,8,1.489
117,6,35,B,1,1.736
117,6,36,D,1,1.203
117,7,37,A,9,1.005
117,7,38,Y,10,2.121
117,7,39,X,9,0.843
117,7,40,C,1,0.936
117,7,41,B,1,1.305
117,7,42,D,1,2.422
117,8,43,B,1,1.172
117,8,44,A,9,0.989
117,8,45,D,0,1.271
117,8,46,C,1,0.824
117,8,47,Y,9,1.488
117,8,48,X,9,0.874
117,9,49,C,1,1.372
117,9,50,Y,10,1.055
117,9,51,B,0,1.271
117,9,52,X,9,1.489
117,9,53,A,9,1.055
117,9,54,D,1,0.937
117,10,55,C,1,0.637
117,10,56,D,1,0.525
117,10,57,Y,9,2.455
117,10,58,B,1,1.605
117,10,59,X,9,1.771
117,10,60,A,10,3.11
118,1,1,D,2,8.536
118,1,2,A,9,4.403
118,1,3,Y,4,3.27
118,1,4,X,4,3.187
118,1,5,B,3,2.587
118,1,6,C,1,3.37
118,2,7,C,1,3.153
118,2,8,Y,4,3.603
118,2,9,D,3,2.253
118,2,10,B,4,4.003
118,2,11,X,6,3.421
118,2,12,A,9,2.853
118,3,13,D,3,5.537
118,3,14,Y,4,2.72
118,3,15,A,9,1.82
118,3,16,X,4,2.72
118,3,17,C,1,4.037
118,3,18,B,2,2.087
118,4,19,A,9,1.736
118,4,20,C,1,1.386
118,4,21,B,2,1.92
118,4,22,Y,4,1.42
118,4,23,D,2,1.737
118,4,24,X,6,3.103
118,5,25,D,2,1.87
118,5,26,Y,2,0.838
118,5,27,C,1,1.137
118,5,28,A,9,1.403
118,5,29,X,6,5.72
118,5,30,B,2,1.22
118,6,31,Y,2,1.12
118,6,32,C,1,1.153
118,6,33,B,2,1.253
118,6,34,X,4,2.553
118,6,35,D,2,1.136
118,6,36,A,9,2.303
118,7,37,X,4,2.82
118,7,38,C,1,1.653
118,7,39,A,9,3.17
118,7,40,B,2,3.487
118,7,41,Y,2,0.72
118,7,42,D,4,2.27
118,8,43,C,1,1.587
118,8,44,X,4,3.753
118,8,45,Y,4,1.92
118,8,46,B,2,1.387
118,8,47,D,2,5.37
118,8,48,A,9,2.12
118,9,49,D,2,1.153
118,9,50,B,2,0.936
118,9,51,X,4,1.987
118,9,52,C,1,1.237
118,9,53,Y,2,1.17
118,9,54,A,9,3.303
118,10,55,X,4,5.62
118,10,56,B,2,3.353
118,10,57,D,2,1.203
118,10,58,Y,2,3.537
118,10,59,A,9,1.653
118,10,60,C,1,1.687
119,1,1,C,7,2.33
119,1,2,B,10,11.954
119,1,3,D,1,3.853
119,1,4,X,7,7.02
119,1,5,A,10,3.337
119,1,6,Y,7,1.687
119,2,7,A,10,2.119
119,2,8,D,1,5.303
119,2,9,X,7,2.437
119,2,10,Y,7,1.586
119,2,11,B,10,1.703
119,2,12,C,0,2.037
119,3,13,X,7,4.737
119,3,14,A,10,0.853
119,3,15,C,0,1.953
119,3,16,Y,7,2.454
119,3,17,B,10,1.153
119,3,18,D,0,1.253
119,4,19,A,10,4.053
119,4,20,C,0,1.17
119,4,21,B,10,3.37
119,4,22,Y,7,1.337
119,4,23,X,7,0.82
119,4,24,D,0,1.42
119,5,25,A,10,2.503
119,5,26,C,0,1.353
119,5,27,Y,7,1.887
119,5,28,X,7,0.72
119,5,29,D,0,1.036
119,5,30,B,10,2.42
119,6,31,B,10,0.653
119,6,32,C,0,0.97
119,6,33,Y,7,1.519
119,6,34,D,0,1.103
119,6,35,X,7,1.586
119,6,36,A,10,1.37
119,7,37,B,10,1.236
119,7,38,Y,7,1.153
119,7,39,D,0,1.253
119,7,40,A,10,1.82
119,7,41,C,0,1.07
119,7,42,X,7,1.203
119,8,43,B,10,1.054
119,8,44,D,0,1.103
119,8,45,C,0,1.103
119,8,46,A,10,1.103
119,8,47,X,7,1.187
119,8,48,Y,7,0.903
119,9,49,A,10,1.076
119,9,50,X,7,2.552
119,9,51,B,10,1.003
119,9,52,C,0,3.104
119,9,53,Y,7,1.436
119,9,54,D,0,1.103
119,10,55,B,10,1.07
119,10,56,D,0,1.936
119,10,57,A,10,1.086
119,10,58,X,7,2.036
119,10,59,C,0,1.153
119,10,60,Y,7,1.403
120,1,1,B,0,7.869
120,1,2,C,0,1.141
120,1,3,Y,7,2.542
120,1,4,A,10,5.422
120,1,5,X,0,2.46
120,1,6,D,0,0.838
120,2,7,B,0,1.124
120,2,8,A,10,1.67
120,2,9,D,0,2.32
120,2,10,Y,9,3.303
120,2,11,X,0,1.406
120,2,12,C,0,1.805
120,3,13,X,0,0.653
120,3,14,D,0,0.724
120,3,15,A,10,1.403
120,3,16,C,0,1.154
120,3,17,Y,9,2.437
120,3,18,B,0,0.774
120,4,19,B,0,1.373
120,4,20,Y,9,1.29
120,4,21,A,10,1.188
120,4,22,X,0,0.936
120,4,23,D,0,0.874
120,4,24,C,0,3.82
120,5,25,A,10,1.227
120,5,26,X,0,1.07
120,5,27,D,0,0.605
120,5,28,C,0,0.639
120,5,29,B,0,0.689
120,5,30,Y,9,1.389
120,6,31,Y,9,0.657
120,6,32,B,0,1.138
120,6,33,D,0,0.553
120,6,34,A,10,1.571
120,6,35,X,0,1.256
120,6,36,C,0,0.574
120,7,37,A,10,0.991
120,7,38,C,0,1.303
120,7,39,D,0,0.474
120,7,40,B,0,0.537
120,7,41,Y,9,1.256
120,7,42,X,0,1.27
120,8,43,C,0,0.503
120,8,44,Y,9,0.907
120,8,45,A,10,0.708
120,8,46,D,0,1.255
120,8,47,X,0,0.506
120,8,48,B,0,0.553
120,9,49,A,10,1.189
120,9,50,D,0,1.291
120,9,51,Y,9,1.12
120,9,52,B,0,1.336
120,9,53,X,0,0.491
120,9,54,C,0,0.553
120,10,55,A,10,0.989
120,10,56,X,0,1.353
120,10,57,B,0,0.453
120,10,58,Y,9,1.105
120,10,59,D,0,1.093
120,10,60,C,0,0.472
121,1,1,B,4,11.037
121,1,2,A,9,3.22
121,1,3,C,1,6.054
121,1,4,Y,7,3.57
121,1,5,D,3,4.737
121,1,6,X,3,2.153
121,2,7,D,3,5.07
121,2,8,A,9,2.287
121,2,9,X,3,1.603
121,2,10,B,6,3.037
121,2,11,Y,8,2.753
121,2,12,C,1,3.487
121,3,13,A,9,1.903
121,3,14,C,1,2.003
121,3,15,X,3,6.404
121,3,16,D,3,3.136
121,3,17,B,6,3.237
121,3,18,Y,4,2.22
121,4,19,X,4,1.02
121,4,20,Y,4,0.953
121,4,21,B,5,5.287
121,4,22,C,1,1.586
121,4,23,A,9,1.403
121,4,24,D,3,5.77
121,5,25,C,1,3.237
121,5,26,Y,3,1.937
121,5,27,X,3,1.32
121,5,28,B,6,3.536
121,5,29,D,3,1.02
121,5,30,A,9,1.537
121,6,31,B,4,10.687
121,6,32,D,4,1.67
121,6,33,A,9,1.07
121,6,34,Y,5,2.286
121,6,35,X,5,3.003
121,6,36,C,1,9.97
121,7,37,Y,4,2.104
121,7,38,D,1,1.237
121,7,39,B,4,2.27
121,7,40,X,4,1.036
121,7,41,C,1,0.986
121,7,42,A,9,1.07
121,8,43,A,9,0.603
121,8,44,B,4,1.587
121,8,45,D,1,0.803
121,8,46,C,1,0.904
121,8,47,X,4,1.336
121,8,48,Y,4,0.87
121,9,49,C,1,1.069
121,9,50,Y,4,1.02
121,9,51,B,4,1.453
121,9,52,X,4,0.87
121,9,53,A,9,1.303
121,9,54,D,1,0.837
121,10,55,D,1,0.77
121,10,56,Y,4,3.27
121,10,57,C,1,0.937
121,10,58,X,4,0.953
121,10,59,A,9,1.037
121,10,60,B,4,1.037
122,1,1,D,2,8.473
122,1,2,C,0,4.453
122,1,3,A,10,2.157
122,1,4,Y,8,2.922
122,1,5,X,3,2.657
122,1,6,B,2,1.587
122,2,7,X,2,1.422
122,2,8,D,3,1.243
122,2,9,C,3,1.237
122,2,10,B,2,1.522
122,2,11,Y,7,1.371
122,2,12,A,10,2.891
122,3,13,C,3,1.757
122,3,14,B,2,1.203
122,3,15,Y,8,1.388
122,3,16,A,10,1.505
122,3,17,X,2,1.22
122,3,18,D,3,0.907
122,4,19,B,3,1.27
122,4,20,X,3,1.222
122,4,21,D,2,1.003
122,4,22,Y,7,1.791
122,4,23,A,10,1.308
122,4,24,C,2,2.287
122,5,25,B,3,1.091
122,5,26,D,3,1.303
122,5,27,C,2,1.006
122,5,28,Y,7,1.572
122,5,29,X,1,1.57
122,5,30,A,10,1.155
122,6,31,X,3,1.11
122,6,32,B,3,1.387
122,6,33,Y,7,1.273
122,6,34,C,2,1.606
122,6,35,D,2,1.459
122,6,36,A,10,2.491
122,7,37,A,10,1.824
122,7,38,C,2,1.955
122,7,39,Y,7,1.153
122,7,40,D,3,1.371
122,7,41,X,2,1.391
122,7,42,B,3,1.527
122,8,43,A,10,1.205
122,8,44,B,3,1.303
122,8,45,X,4,1.238
122,8,46,D,4,1.356
122,8,47,Y,7,2.508
122,8,48,C,2,1.622
122,9,49,A,10,1.87
122,9,50,Y,7,1.289
122,9,51,D,2,1.957
122,9,52,X,3,1.404
122,9,53,C,1,1.153
122,9,54,B,3,1.154
122,10,55,Y,7,1.338
122,10,56,D,2,1.122
122,10,57,B,3,1.641
122,10,58,X,2,1.555
122,10,59,A,10,1.306
122,10,60,C,1,1.208
123,1,1,D,0,11.087
123,1,2,C,0,2.103
123,1,3,A,10,1.986
123,1,4,B,5,4.403
123,1,5,Y,10,3.12
123,1,6,X,10,1.17
123,2,7,D,0,1.369
123,2,8,A,10,1.07
123,2,9,C,0,3.153
123,2,10,X,10,1.07
123,2,11,Y,9,5.553
123,2,12,B,5,4.037
123,3,13,C,0,1.353
123,3,14,D,0,1.62
123,3,15,Y,9,1.736
123,3,16,A,10,1.836
123,3,17,B,5,5.52
123,3,18,X,10,1.62
123,4,19,X,10,2.386
123,4,20,A,10,1.437
123,4,21,Y,9,2.587
123,4,22,C,0,1.72
123,4,23,D,0,3.087
123,4,24,B,5,2.32
123,5,25,C,0,1.853
123,5,26,Y,9,2.353
123,5,27,A,10,0.67
123,5,28,B,5,2.403
123,5,29,D,0,0.637
123,5,30,X,10,1.604
123,6,31,A,10,2.186
123,6,32,X,10,0.953
123,6,33,Y,9,1.253
123,6,34,C,0,1.669
123,6,35,B,5,2.087
123,6,36,D,0,1.12
123,7,37,C,0,2.953
123,7,38,D,0,0.753
123,7,39,X,9,0.937
123,7,40,A,10,0.936
123,7,41,B,0,1.153
123,7,42,Y,9,2.988
123,8,43,D,0,0.903
123,8,44,X,10,0.87
123,8,45,C,0,1.536
123,8,46,A,10,1.687
123,8,47,Y,9,0.936
123,8,48,B,5,0.72
123,9,49,Y,9,0.937
123,9,50,X,10,1.02
123,9,51,D,0,0.786
123,9,52,A,10,0.987
123,9,53,C,0,1.453
123,9,54,B,6,1.52
123,10,55,X,10,0.886
123,10,56,C,0,2.22
123,10,57,B,5,1.836
123,10,58,A,9,0.92
123,10,59,D,0,1.187
123,10,60,Y,7,2.27
124,1,1,B,10,5.174
124,1,2,D,0,2.053
124,1,3,A,10,1.874
124,1,4,C,0,2.274
124,1,5,Y,7,2.337
124,1,6,X,7,1.489
124,2,7,X,7,0.907
124,2,8,D,0,1.253
124,2,9,Y,7,1.253
124,2,10,C,0,1.52
124,2,11,A,10,1.172
124,2,12,B,10,0.703
124,3,13,B,10,0.737
124,3,14,Y,7,2.856
124,3,15,C,0,1.222
124,3,16,X,7,1.405
124,3,17,A,10,1.337
124,3,18,D,0,2.341
124,4,19,B,10,1.086
124,4,20,D,0,1.391
124,4,21,A,10,1.207
124,4,22,Y,7,2.243
124,4,23,X,7,1.003
124,4,24,C,0,1.003
124,5,25,B,10,1.372
124,5,26,A,10,0.703
124,5,27,X,7,1.053
124,5,28,D,0,1.053
124,5,29,C,0,0.57
124,5,30,Y,7,0.955
124,6,31,A,10,0.989
124,6,32,B,10,0.603
124,6,33,X,7,1.27
124,6,34,D,0,1.237
124,6,35,Y,7,1.475
124,6,36,C,0,1.407
124,7,37,X,7,2.157
124,7,38,Y,7,1.358
124,7,39,C,0,1.042
124,7,40,D,0,0.553
124,7,41,B,10,1.124
124,7,42,A,10,0.638
124,8,43,X,7,1.153
124,8,44,B,10,1.303
124,8,45,D,0,1.487
124,8,46,C,0,0.453
124,8,47,A,10,1.023
124,8,48,Y,7,1.058
124,9,49,X,7,0.674
124,9,50,C,0,0.937
124,9,51,Y,7,1.072
124,9,52,A,10,1.338
124,9,53,B,10,0.538
124,9,54,D,0,1.043
124,10,55,C,0,0.408
124,10,56,Y,7,1.209
124,10,57,D,0,0.958
124,10,58,X,7,1.572
124,10,59,A,10,1.237
124,10,60,B,10,0.558
125,1,1,B,0,5.553
125,1,2,C,0,2.021
125,1,3,X,8,7.42
125,1,4,A,10,1.953
125,1,5,Y,9,3.52
125,1,6,D,0,2.287
125,2,7,X,9,3.587
125,2,8,C,0,1.603
125,2,9,A,10,1.236
125,2,10,D,0,2.07
125,2,11,B,0,2.437
125,2,12,Y,10,3.103
125,3,13,B,0,2.404
125,3,14,Y,10,1.57
125,3,15,A,10,1.153
125,3,16,D,0,1.987
125,3,17,C,0,1.087
125,3,18,X,8,3.103
125,4,19,D,0,1.67
125,4,20,X,8,1.603
125,4,21,B,0,1.803
125,4,22,C,0,1.37
125,4,23,A,10,1.453
125,4,24,Y,10,1.953
125,5,25,D,0,1.303
125,5,26,Y,9,1.803
125,5,27,A,10,1.07
125,5,28,B,0,1.337
125,5,29,X,8,2.587
125,5,30,C,0,2.337
125,6,31,X,5,6.37
125,6,32,Y,10,1.853
125,6,33,C,0,0.953
125,6,34,B,0,0.82
125,6,35,D,0,0.87
125,6,36,A,10,1.72
125,7,37,D,0,1.97
125,7,38,Y,10,1.57
125,7,39,X,5,3.021
125,7,40,C,0,1.403
125,7,41,B,0,1.703
125,7,42,A,10,1.537
125,8,43,X,5,3.703
125,8,44,C,0,1.92
125,8,45,Y,9,3.437
125,8,46,B,0,1.603
125,8,47,A,10,1.22
125,8,48,D,0,1.737
125,9,49,D,0,0.92
125,9,50,B,0,1.37
125,9,51,Y,9,1.253
125,9,52,C,0,2.387
125,9,53,A,10,1.537
125,9,54,X,5,1.42
125,10,55,Y,10,1.187
125,10,56,D,0,1.303
125,10,57,A,10,1.187
125,10,58,C,0,1.437
125,10,59,B,0,1.12
125,10,60,X,5,1.62
126,1,1,X,5,4.591
126,1,2,C,0,1.975
126,1,3,Y,10,2.487
126,1,4,D,3,5.655
126,1,5,B,0,3.508
126,1,6,A,10,1.286
126,2,7,D,3,2.19
126,2,8,Y,10,1.953
126,2,9,C,0,1.389
126,2,10,A,10,1.825
126,2,11,B,0,2.372
126,2,12,X,5,2.774
126,3,13,A,10,1.708
126,3,14,Y,10,1.258
126,3,15,B,0,1.803
126,3,16,C,0,1.22
126,3,17,D,3,2.287
126,3,18,X,5,1.637
126,4,19,A,10,3.291
126,4,20,C,0,1.374
126,4,21,X,5,1.453
126,4,22,B,0,1.653
126,4,23,Y,10,1.224
126,4,24,D,3,1.303
126,5,25,C,0,1.239
126,5,26,B,0,0.77
126,5,27,Y,10,1.574
126,5,28,X,5,1.353
126,5,29,A,10,3.137
126,5,30,D,3,1.553
126,6,31,D,2,0.824
126,6,32,A,10,1.689
126,6,33,B,0,1.47
126,6,34,C,0,0.525
126,6,35,X,5,1.203
126,6,36,Y,10,2.203
126,7,37,C,0,1.524
126,7,38,D,3,2.238
126,7,39,B,0,2.953
126,7,40,A,10,1.124
126,7,41,X,5,2.67
126,7,42,Y,10,2.555
126,8,43,Y,10,0.553
126,8,44,X,5,1.974
126,8,45,A,10,1.174
126,8,46,B,0,1.441
126,8,47,C,0,0.753
126,8,48,D,3,3.343
126,9,49,D,3,0.686
126,9,50,X,5,1.257
126,9,51,Y,10,1.243
126,9,52,B,0,1.258
126,9,53,A,10,1.253
126,9,54,C,0,0.977
126,10,55,C,0,2.138
126,10,56,Y,10,1.303
126,10,57,B,0,2.139
126,10,58,X,5,2.238
126,10,59,A,10,1.189
126,10,60,D,3,1.522
127,1,1,A,10,3.503
127,1,2,D,1,4.02
127,1,3,B,1,3.37
127,1,4,Y,9,3.487
127,1,5,X,5,10.104
127,1,6,C,0,4.02
127,2,7,A,10,2.653
127,2,8,B,0,1.97
127,2,9,C,0,4.92
127,2,10,Y,8,1.57
127,2,11,D,1,5.337
127,2,12,X,5,3.22
127,3,13,B,2,5.987
127,3,14,A,10,3.124
127,3,15,D,0,3.003
127,3,16,Y,9,1.804
127,3,17,X,5,1.353
127,3,18,C,1,2.703
127,4,19,Y,9,2.57
127,4,20,B,1,2.22
127,4,21,D,1,3.687
127,4,22,X,5,3.12
127,4,23,C,1,3.703
127,4,24,A,10,1.536
127,5,25,C,1,2.203
127,5,26,B,1,1.52
127,5,27,A,10,2.503
127,5,28,Y,9,3.087
127,5,29,D,1,7.67
127,5,30,X,5,1.303
127,6,31,A,10,1.786
127,6,32,C,0,1.253
127,6,33,Y,10,1.719
127,6,34,D,1,2.486
127,6,35,X,5,3.353
127,6,36,B,1,2.987
127,7,37,A,10,3.787
127,7,38,Y,10,1.12
127,7,39,B,1,1.253
127,7,40,X,5,4.17
127,7,41,C,1,7.954
127,7,42,D,1,0.936
127,8,43,A,10,1.037
127,8,44,B,1,1.453
127,8,45,Y,10,1.953
127,8,46,C,1,2.287
127,8,47,D,1,2.486
127,8,48,X,6,1.537
127,9,49,Y,10,2.653
127,9,50,A,10,1.486
127,9,51,D,1,1.787
127,9,52,X,5,1.336
127,9,53,C,1,3.953
127,9,54,B,1,1.737
127,10,55,B,1,3.887
127,10,56,Y,10,1.753
127,10,57,D,1,3.77
127,10,58,X,5,2.004
127,10,59,A,10,1.32
127,10,60,C,1,1.086
128,1,1,X,5,14.27
128,1,2,C,0,3.253
128,1,3,D,0,2.12
128,1,4,B,0,1.254
128,1,5,A,10,2.236
128,1,6,Y,10,6.203
128,2,7,Y,10,2.637
128,2,8,A,10,1.237
128,2,9,B,0,2.12
128,2,10,D,0,1.187
128,2,11,X,5,9.454
128,2,12,C,0,1.42
128,3,13,A,10,1.753
128,3,14,D,0,3.003
128,3,15,C,0,6.387
128,3,16,B,0,0.786
128,3,17,X,5,1.72
128,3,18,Y,10,1.437
128,4,19,Y,10,0.803
128,4,20,A,10,0.953
128,4,21,C,0,2.037
128,4,22,B,0,1.053
128,4,23,X,5,2.47
128,4,24,D,0,1.42
128,5,25,Y,10,1.236
128,5,26,X,5,2.337
128,5,27,B,0,1.354
128,5,28,C,0,0.836
128,5,29,D,0,1.037
128,5,30,A,10,1.32
128,6,31,B,0,2.387
128,6,32,X,5,1.886
128,6,33,Y,10,1.886
128,6,34,A,10,0.903
128,6,35,D,0,1.387
128,6,36,C,0,3.087
128,7,37,C,0,0.486
128,7,38,Y,10,1.687
128,7,39,A,10,1.67
128,7,40,D,0,1.887
128,7,41,X,5,1.386
128,7,42,B,0,1.053
128,8,43,C,0,1.653
128,8,44,D,5,2.003
128,8,45,A,10,3.97
128,8,46,X,5,3.32
128,8,47,Y,10,2.57
128,8,48,B,0,1.438
128,9,49,Y,10,5.437
128,9,50,B,0,1.703
128,9,51,X,5,2.653
128,9,52,D,0,3.17
128,9,53,A,10,2.803
128,9,54,C,0,1.57
128,10,55,B,0,0.736
128,10,56,C,0,0.57
128,10,57,D,5,1.42
128,10,58,A,10,1.07
128,10,59,Y,10,0.587
128,10,60,X,5,1.17
129,1,1,B,2,8.836
129,1,2,X,3,2.022
129,1,3,A,10,1.788
129,1,4,D,2,1.905
129,1,5,C,1,1.723
129,1,6,Y,7,1.653
129,2,7,B,3,4.303
129,2,8,X,6,1.558
129,2,9,Y,6,1.074
129,2,10,C,2,2.191
129,2,11,A,10,2.307
129,2,12,D,6,2.436
129,3,13,Y,3,2.657
129,3,14,C,2,2.386
129,3,15,A,10,2.988
129,3,16,X,7,2.988
129,3,17,B,3,2.003
129,3,18,D,3,1.106
129,4,19,D,3,0.82
129,4,20,B,7,1.44
129,4,21,A,10,1.389
129,4,22,X,6,1.355
129,4,23,Y,7,1.758
129,4,24,C,2,1.474
129,5,25,A,10,0.955
129,5,26,X,7,1.253
129,5,27,B,6,2.574
129,5,28,D,2,1.837
129,5,29,Y,8,1.37
129,5,30,C,2,1.839
129,6,31,B,7,1.187
129,6,32,D,3,1.639
129,6,33,C,3,1.076
129,6,34,A,10,1.105
129,6,35,X,6,1.47
129,6,36,Y,8,1.888
129,7,37,A,10,0.89
129,7,38,Y,7,1.674
129,7,39,X,7,0.843
129,7,40,D,7,0.973
129,7,41,B,8,1.657
129,7,42,C,3,1.155
129,8,43,A,10,1.574
129,8,44,C,3,1.574
129,8,45,Y,8,1.426
129,8,46,X,7,1.403
129,8,47,B,2,1.339
129,8,48,D,3,1.037
129,9,49,C,3,0.724
129,9,50,B,6,1.836
129,9,51,Y,8,1.441
129,9,52,D,4,1.103
129,9,53,X,7,1.407
129,9,54,A,10,1.003
129,10,55,C,2,1.324
129,10,56,X,8,1.453
129,10,57,Y,7,1.389
129,10,58,B,6,1.224
129,10,59,A,10,0.92
129,10,60,D,6,2.17
130,1,1,X,6,8.87
130,1,2,C,1,6.454
130,1,3,D,1,2.687
130,1,4,Y,7,4.87
130,1,5,A,10,2.203
130,1,6,B,0,4.037
130,2,7,C,0,2.303
130,2,8,A,10,2.67
130,2,9,D,1,6.987
130,2,10,B,0,2.17
130,2,11,X,6,3.67
130,2,12,Y,7,2.803
130,3,13,A,10,1.553
130,3,14,C,0,1.787
130,3,15,Y,7,5.77
130,3,16,B,0,1.803
130,3,17,D,2,3.37
130,3,18,X,6,5.287
130,4,19,Y,7,2.72
130,4,20,A,10,1.52
130,4,21,D,2,4.303
130,4,22,B,0,1.986
130,4,23,X,5,4.97
130,4,24,C,0,2.02
130,5,25,Y,7,4.387
130,5,26,D,2,1.687
130,5,27,A,10,1.253
130,5,28,X,5,2.553
130,5,29,B,0,1.62
130,5,30,C,0,1.286
130,6,31,B,0,1.337
130,6,32,D,2,1.853
130,6,33,Y,7,2.437
130,6,34,X,5,2.453
130,6,35,C,1,3.303
130,6,36,A,10,1.703
130,7,37,Y,7,1.553
130,7,38,C,1,1.987
130,7,39,D,2,1.553
130,7,40,B,0,1.22
130,7,41,A,10,1.587
130,7,42,X,5,1.37
130,8,43,X,5,0.737
130,8,44,D,2,1.753
130,8,45,B,0,1.453
130,8,46,A,10,1.603
130,8,47,C,0,2.087
130,8,48,Y,7,2.753
130,9,49,D,2,3.487
130,9,50,C,0,1.12
130,9,51,A,10,1.603
130,9,52,B,0,1.853
130,9,53,X,5,1.353
130,9,54,Y,7,2.987
130,10,55,X,5,1.203
130,10,56,D,2,2.287
130,10,57,C,0,1.103
130,10,58,A,10,1.703
130,10,59,Y,7,1.353
130,10,60,B,0,1.52
131,1,1,A,10,3.453
131,1,2,Y,8,4.62
131,1,3,D,1,1.887
131,1,4,X,5,4.92
131,1,5,C,1,3.988
131,1,6,B,4,2.937
131,2,7,C,1,1.337
131,2,8,D,1,0.77
131,2,9,Y,8,1.387
131,2,10,X,7,1.437
131,2,11,A,10,1.303
131,2,12,B,6,2.403
131,3,13,C,1,1.353
131,3,14,Y,7,1.67
131,3,15,B,8,1.437
131,3,16,A,10,1.103
131,3,17,D,1,1.187
131,3,18,X,7,1.786
131,4,19,A,10,1.637
131,4,20,C,1,1.153
131,4,21,B,6,2.154
131,4,22,Y,8,1.837
131,4,23,X,8,0.737
131,4,24,D,1,1.121
131,5,25,Y,8,1.186
131,5,26,B,7,1.387
131,5,27,X,8,0.97
131,5,28,A,10,0.737
131,5,29,C,1,0.987
131,5,30,D,1,1.52
131,6,31,B,8,1.203
131,6,32,C,1,1.27
131,6,33,Y,8,1.103
131,6,34,X,7,1.305
131,6,35,A,10,1.053
131,6,36,D,1,1.153
131,7,37,D,1,0.905
131,7,38,A,10,1.27
131,7,39,C,1,1.12
131,7,40,B,8,1.32
131,7,41,X,7,0.853
131,7,42,Y,8,1.622
131,8,43,X,7,0.953
131,8,44,C,1,1.003
131,8,45,D,1,0.854
131,8,46,B,8,1.087
131,8,47,A,10,0.77
131,8,48,Y,9,1.537
131,9,49,B,9,0.687
131,9,50,A,9,0.654
131,9,51,Y,8,1.022
131,9,52,C,1,1.27
131,9,53,D,1,1.004
131,9,54,X,7,1.303
131,10,55,Y,9,1.636
131,10,56,A,10,0.72
131,10,57,D,1,1.22
131,10,58,X,8,1.254
131,10,59,C,1,1.103
131,10,60,B,7,0.97
132,1,1,D,0,9.32
132,1,2,A,10,2.62
132,1,3,B,5,2.34
132,1,4,C,0,1.891
132,1,5,Y,10,6.053
132,1,6,X,5,7.447
132,2,7,X,5,0.837
132,2,8,C,0,4.275
132,2,9,B,5,4.792
132,2,10,A,10,8.557
132,2,11,D,0,6.47
132,2,12,Y,5,2.475
132,3,13,D,0,1.304
132,3,14,Y,5,0.825
132,3,15,C,0,0.958
132,3,16,X,0,1.337
132,3,17,B,0,1.204
132,3,18,A,10,2.004
132,4,19,Y,5,2.292
132,4,20,D,0,1.204
132,4,21,X,5,3.741
132,4,22,C,0,1.077
132,4,23,A,10,1.225
132,4,24,B,5,1.958
132,5,25,X,5,0.637
132,5,26,Y,5,2.025
132,5,27,C,0,1.204
132,5,28,D,0,1.104
132,5,29,A,10,1.289
132,5,30,B,5,1.004
132,6,31,A,10,1.287
132,6,32,X,5,1.52
132,6,33,B,5,1.039
132,6,34,Y,5,3.12
132,6,35,D,0,1.291
132,6,36,C,0,0.954
132,7,37,B,5,3.753
132,7,38,X,5,0.72
132,7,39,A,10,1.004
132,7,40,C,0,1.52
132,7,41,D,0,1.254
132,7,42,Y,10,2.403
132,8,43,D,0,1.219
132,8,44,X,5,0.892
132,8,45,Y,10,2.005
132,8,46,A,10,1.19
132,8,47,B,5,0.954
132,8,48,C,0,1.003
132,9,49,X,5,2.353
132,9,50,B,5,1.588
132,9,51,A,10,1.087
132,9,52,D,0,1.853
132,9,53,Y,5,2.939
132,9,54,C,0,1.406
132,10,55,C,0,1.192
132,10,56,D,0,0.953
132,10,57,B,5,2.589
132,10,58,Y,10,2.453
132,10,59,X,5,0.719
132,10,60,A,10,1.842
133,1,1,B,0,6.653
133,1,2,D,0,1.52
133,1,3,Y,10,2.303
133,1,4,A,10,0.653
133,1,5,C,0,2.803
133,1,6,X,9,3.703
133,2,7,X,9,1.336
133,2,8,C,0,1.52
133,2,9,A,10,1.82
133,2,10,Y,10,1.553
133,2,11,B,0,1.736
133,2,12,D,0,2.987
133,3,13,B,0,0.937
133,3,14,D,0,0.87
133,3,15,X,9,2.52
133,3,16,C,0,1.386
133,3,17,Y,10,2.153
133,3,18,A,10,0.82
133,4,19,X,10,1.087
133,4,20,Y,10,2.269
133,4,21,D,0,1.053
133,4,22,C,0,1.87
133,4,23,A,10,1.386
133,4,24,B,0,1.503
133,5,25,D,0,0.636
133,5,26,A,10,1.22
133,5,27,C,0,1.619
133,5,28,B,0,1.453
133,5,29,X,10,1.386
133,5,30,Y,10,1.287
133,6,31,Y,10,0.57
133,6,32,D,0,0.987
133,6,33,C,0,1.553
133,6,34,A,10,1.803
133,6,35,X,9,1.053
133,6,36,B,0,1.553
133,7,37,Y,10,1.453
133,7,38,B,0,1.453
133,7,39,A,10,1.186
133,7,40,D,0,1.536
133,7,41,X,10,1.02
133,7,42,C,0,1.787
133,8,43,Y,10,1.186
133,8,44,B,0,1.57
133,8,45,A,10,1.37
133,8,46,D,0,1.387
133,8,47,X,10,1.22
133,8,48,C,0,1.553
133,9,49,B,0,1.77
133,9,50,D,0,0.953
133,9,51,Y,10,1.836
133,9,52,A,10,1.17
133,9,53,X,10,1.303
133,9,54,C,0,1.437
133,10,55,B,0,1.17
133,10,56,D,0,0.62
133,10,57,X,10,1.503
133,10,58,Y,10,1.136
133,10,59,C,0,1.203
133,10,60,A,10,1.72
134,1,1,C,0,3.586
134,1,2,Y,8,4.187
134,1,3,D,0,1.81
134,1,4,A,10,2.288
134,1,5,X,5,2.624
134,1,6,B,0,2.22
134,2,7,D,2,4.688
134,2,8,C,0,2.141
134,2,9,B,0,0.976
134,2,10,A,10,1.689
134,2,11,Y,8,2.406
134,2,12,X,5,1.889
134,3,13,D,2,1.372
134,3,14,A,10,2.005
134,3,15,Y,8,2.153
134,3,16,B,0,2.52
134,3,17,X,5,1.788
134,3,18,C,0,2.793
134,4,19,Y,8,1.991
134,4,20,B,0,1.406
134,4,21,A,10,0.94
134,4,22,X,5,1.155
134,4,23,C,0,2.355
134,4,24,D,2,1.257
134,5,25,C,0,1.022
134,5,26,A,10,1.391
134,5,27,Y,8,1.14
134,5,28,D,2,1.522
134,5,29,B,0,1.405
134,5,30,X,5,1.293
134,6,31,B,0,1.127
134,6,32,Y,8,1.62
134,6,33,C,0,1.505
134,6,34,X,5,1.505
134,6,35,A,10,1.539
134,6,36,D,2,1.491
134,7,37,C,0,2.606
134,7,38,D,2,1.073
134,7,39,X,5,2.008
134,7,40,B,0,0.92
134,7,41,Y,8,2.438
134,7,42,A,10,2.355
134,8,43,A,10,0.791
134,8,44,D,2,0.96
134,8,45,C,0,1.16
134,8,46,B,0,1.588
134,8,47,X,5,1.32
134,8,48,Y,8,1.109
134,9,49,X,5,2.207
134,9,50,D,2,1.231
134,9,51,C,0,0.939
134,9,52,B,0,1.193
134,9,53,A,10,1.412
134,9,54,Y,8,0.888
134,10,55,Y,8,0.554
134,10,56,A,10,1.31
134,10,57,B,0,1.037
134,10,58,D,2,1.238
134,10,59,X,5,1.089
134,10,60,C,0,0.872
135,1,1,B,0,3.986
135,1,2,C,0,1.97
135,1,3,A,10,4.803
135,1,4,D,0,2.82
135,1,5,X,0,2.453
135,1,6,Y,8,4.837
135,2,7,X,1,4.72
135,2,8,D,1,1.67
135,2,9,A,10,1.436
135,2,10,Y,8,1.487
135,2,11,C,0,1.686
135,2,12,B,0,1.12
135,3,13,D,0,2.287
135,3,14,A,10,1.47
135,3,15,B,1,2.12
135,3,16,Y,8,2.17
135,3,17,C,0,1.786
135,3,18,X,2,2.12
135,4,19,A,10,2.137
135,4,20,Y,8,1.52
135,4,21,C,0,1.153
135,4,22,D,1,2.187
135,4,23,B,0,1.32
135,4,24,X,2,2.353
135,5,25,A,10,1.653
135,5,26,X,3,3.353
135,5,27,Y,8,3.003
135,5,28,C,0,1.237
135,5,29,B,0,2.32
135,5,30,D,2,1.07
135,6,31,Y,8,1.52
135,6,32,D,2,1.604
135,6,33,C,0,1.837
135,6,34,B,0,1.087
135,6,35,X,0,2.603
135,6,36,A,10,1.153
135,7,37,A,10,1.053
135,7,38,D,2,1.203
135,7,39,X,0,1.537
135,7,40,Y,10,1.27
135,7,41,B,0,2.253
135,7,42,C,0,0.903
135,8,43,D,1,1.103
135,8,44,Y,8,3.736
135,8,45,B,0,0.953
135,8,46,A,10,1.386
135,8,47,C,1,1.636
135,8,48,X,1,2.237
135,9,49,X,1,1.337
135,9,50,C,0,0.836
135,9,51,D,1,1.07
135,9,52,B,0,3.32
135,9,53,Y,8,1.336
135,9,54,A,10,0.953
135,10,55,Y,8,1.37
135,10,56,D,2,1.187
135,10,57,X,2,2.837
135,10,58,A,10,1.436
135,10,59,C,0,1.07
135,10,60,B,0,1.053
136,1,1,D,0,7.42
136,1,2,B,0,1.82
136,1,3,X,10,4.536
136,1,4,C,0,2.153
136,1,5,A,10,2.186
136,1,6,Y,10,1.553
136,2,7,B,0,1.637
136,2,8,D,0,1.22
136,2,9,X,10,1.97
136,2,10,A,10,1.036
136,2,11,C,0,1.553
136,2,12,Y,10,1.67
136,3,13,C,0,3.17
136,3,14,Y,10,3.237
136,3,15,D,0,1.92
136,3,16,B,0,0.786
136,3,17,X,10,1.786
136,3,18,A,10,2.287
136,4,19,X,10,4.32
136,4,20,C,0,3.287
136,4,21,A,10,4.037
136,4,22,B,0,1.453
136,4,23,Y,10,3.003
136,4,24,D,0,2.537
136,5,25,B,0,0.803
136,5,26,C,0,1.02
136,5,27,X,10,1.403
136,5,28,A,10,1.453
136,5,29,D,0,1.32
136,5,30,Y,10,5.103
136,6,31,X,10,0.703
136,6,32,A,10,0.62
136,6,33,C,0,1.553
136,6,34,D,0,1.07
136,6,35,B,0,0.72
136,6,36,Y,10,1.42
136,7,37,A,10,0.753
136,7,38,C,0,1.803
136,7,39,X,10,1.786
136,7,40,Y,10,0.903
136,7,41,D,0,1.536
136,7,42,B,0,0.903
136,8,43,A,10,1.387
136,8,44,D,0,2.57
136,8,45,B,0,1.437
136,8,46,C,0,1.52
136,8,47,X,10,1.753
136,8,48,Y,10,4.404
136,9,49,X,10,0.586
136,9,50,A,10,0.537
136,9,51,C,0,1.269
136,9,52,B,0,0.636
136,9,53,Y,10,1.453
136,9,54,D,0,2.287
136,10,55,X,10,1.887
136,10,56,A,0,1.603
136,10,57,D,10,1.286
136,10,58,C,0,1.687
136,10,59,Y,10,1.42
136,10,60,B,0,2.503
137,1,1,B,0,7.122
137,1,2,X,0,2.205
137,1,3,Y,10,2.937
137,1,4,D,0,1.888
137,1,5,C,0,0.572
137,1,6,A,10,1.237
137,2,7,D,0,0.903
137,2,8,Y,10,1.071
137,2,9,X,0,0.959
137,2,10,A,10,1.186
137,2,11,B,0,1.022
137,2,12,C,0,0.793
137,3,13,C,0,0.572
137,3,14,Y,10,1.372
137,3,15,X,0,1.198
137,3,16,D,0,1.419
137,3,17,B,0,0.638
137,3,18,A,10,1.603
137,4,19,Y,10,1.072
137,4,20,X,0,0.674
137,4,21,A,10,1.806
137,4,22,C,0,0.919
137,4,23,D,0,0.555
137,4,24,B,0,0.608
137,5,25,B,0,0.436
137,5,26,C,0,0.505
137,5,27,D,0,1.637
137,5,28,Y,10,1.788
137,5,29,X,0,0.569
137,5,30,A,10,1.287
137,6,31,A,10,1.102
137,6,32,C,0,0.872
137,6,33,B,0,0.42
137,6,34,Y,10,0.939
137,6,35,X,0,0.819
137,6,36,D,0,0.454
137,7,37,A,10,1.105
137,7,38,C,1,0.588
137,7,39,Y,10,2.172
137,7,40,D,0,0.755
137,7,41,B,0,0.572
137,7,42,X,0,0.506
137,8,43,A,10,1.371
137,8,44,X,0,0.607
137,8,45,D,0,0.505
137,8,46,C,0,0.503
137,8,47,Y,10,1.17
137,8,48,B,0,0.571
137,9,49,X,0,0.539
137,9,50,C,0,0.437
137,9,51,Y,0,0.42
137,9,52,A,10,1.623
137,9,53,D,0,0.569
137,9,54,B,0,0.506
137,10,55,A,10,1.355
137,10,56,B,0,0.839
137,10,57,Y,10,1.191
137,10,58,X,0,0.505
137,10,59,D,0,0.703
137,10,60,C,0,0.588
138,1,1,D,0,5.636
138,1,2,B,0,3.17
138,1,3,C,0,3.77
138,1,4,X,3,9.67
138,1,5,Y,10,3.953
138,1,6,A,10,1.487
138,2,7,D,2,5.887
138,2,8,B,0,5.537
138,2,9,Y,10,2.887
138,2,10,C,0,5.254
138,2,11,X,3,2.503
138,2,12,A,10,3.637
138,3,13,B,0,2.22
138,3,14,D,2,1.436
138,3,15,C,0,2.787
138,3,16,Y,10,1.72
138,3,17,X,2,1.903
138,3,18,A,10,4.737
138,4,19,Y,10,1.32
138,4,20,B,0,3.987
138,4,21,D,2,3.87
138,4,22,A,10,1.47
138,4,23,C,0,1.603
138,4,24,X,3,1.803
138,5,25,D,2,6.02
138,5,26,C,0,1.437
138,5,27,B,0,0.77
138,5,28,Y,10,1.82
138,5,29,X,1,3.287
138,5,30,A,10,1.053
138,6,31,A,10,6.62
138,6,32,X,2,3.287
138,6,33,C,0,3.703
138,6,34,B,0,0.586
138,6,35,D,3,2.253
138,6,36,Y,10,1.07
138,7,37,A,10,6.336
138,7,38,C,0,1.57
138,7,39,Y,10,0.97
138,7,40,D,2,3.42
138,7,41,B,0,1.037
138,7,42,X,3,1.253
138,8,43,D,3,3.103
138,8,44,C,0,1.47
138,8,45,X,4,1.17
138,8,46,B,0,1.253
138,8,47,A,10,1.453
138,8,48,Y,10,0.72
138,9,49,D,2,1.337
138,9,50,X,3,0.97
138,9,51,C,0,1.303
138,9,52,B,0,0.77
138,9,53,A,10,1.603
138,9,54,Y,10,1.587
138,10,55,D,2,3.171
138,10,56,A,10,1.353
138,10,57,X,3,2.153
138,10,58,C,0,1.686
138,10,59,B,0,1.387
138,10,60,Y,10,1.77
139,1,1,D,0,5.953
139,1,2,B,0,2.989
139,1,3,C,0,1.322
139,1,4,A,10,2.038
139,1,5,Y,10,1.536
139,1,6,X,5,4.938
139,2,7,X,5,2.787
139,2,8,D,0,1.12
139,2,9,B,0,1.493
139,2,10,A,10,1.49
139,2,11,C,0,2.386
139,2,12,Y,10,3.972
139,3,13,A,10,2.422
139,3,14,D,0,1.12
139,3,15,Y,10,1.308
139,3,16,C,0,1.122
139,3,17,X,5,1.439
139,3,18,B,0,0.891
139,4,19,C,0,0.777
139,4,20,D,0,3.139
139,4,21,X,5,1.505
139,4,22,Y,10,1.408
139,4,23,A,10,1.036
139,4,24,B,0,2.624
139,5,25,Y,10,1.905
139,5,26,A,10,1.064
139,5,27,B,0,1.109
139,5,28,C,0,1.305
139,5,29,X,5,1.108
139,5,30,D,0,1.591
139,6,31,D,0,0.986
139,6,32,C,0,1.938
139,6,33,A,10,1.386
139,6,34,B,0,1.157
139,6,35,X,5,1.291
139,6,36,Y,10,1.354
139,7,37,B,0,1.176
139,7,38,Y,10,2.241
139,7,39,C,0,1.172
139,7,40,X,5,1.089
139,7,41,A,10,1.123
139,7,42,D,0,1.222
139,8,43,C,0,1.169
139,8,44,A,10,1.209
139,8,45,X,5,1.131
139,8,46,D,0,1.837
139,8,47,B,0,0.971
139,8,48,Y,10,1.52
139,9,49,B,0,1.305
139,9,50,C,0,0.838
139,9,51,A,10,1.471
139,9,52,Y,10,1.122
139,9,53,X,5,1.006
139,9,54,D,0,0.72
139,10,55,C,0,0.623
139,10,56,B,0,0.924
139,10,57,A,10,1.189
139,10,58,Y,10,2.372
139,10,59,D,0,0.991
139,10,60,X,5,1.287
140,1,1,A,10,10.32
140,1,2,B,0,6.92
140,1,3,Y,10,1.27
140,1,4,C,0,2.653
140,1,5,D,0,0.503
140,1,6,X,5,1.836
140,2,7,Y,10,1.303
140,2,8,D,0,1.286
140,2,9,A,10,1.353
140,2,10,X,5,1.286
140,2,11,C,0,1.987
140,2,12,B,0,1.553
140,3,13,D,0,0.57
140,3,14,B,0,1.686
140,3,15,X,5,1.536
140,3,16,Y,10,0.987
140,3,17,A,10,0.686
140,3,18,C,0,1.07
140,4,19,D,0,0.92
140,4,20,Y,10,1.153
140,4,21,X,5,1.153
140,4,22,C,0,1.12
140,4,23,B,0,0.554
140,4,24,A,10,1.003
140,5,25,B,0,1.47
140,5,26,C,0,0.536
140,5,27,Y,10,1.337
140,5,28,X,5,1.57
140,5,29,D,0,1.17
140,5,30,A,10,1.153
140,6,31,A,10,0.436
140,6,32,B,0,1.186
140,6,33,C,0,0.737
140,6,34,Y,10,1.17
140,6,35,X,5,1.153
140,6,36,D,0,1.004
140,7,37,D,0,0.47
140,7,38,C,0,1.037
140,7,39,Y,10,1.103
140,7,40,B,0,1.103
140,7,41,X,5,1.303
140,7,42,A,10,1.003
140,8,43,A,10,0.47
140,8,44,C,0,1.169
140,8,45,B,0,0.953
140,8,46,D,0,0.937
140,8,47,Y,10,1.07
140,8,48,X,5,0.909
140,9,49,Y,10,0.92
140,9,50,C,0,0.936
140,9,51,A,10,1.171
140,9,52,D,0,0.886
140,9,53,X,5,1.187
140,9,54,B,0,1.103
140,10,55,B,0,0.554
140,10,56,Y,10,1.203
140,10,57,X,5,0.953
140,10,58,C,0,0.953
140,10,59,D,0,0.67
140,10,60,A,10,1.036
141,1,1,X,8,7.059
141,1,2,Y,8,1.67
141,1,3,D,0,1.909
141,1,4,A,10,1.472
141,1,5,C,0,1.787
141,1,6,B,0,2.603
141,2,7,X,7,7.869
141,2,8,D,0,1.053
141,2,9,A,10,1.736
141,2,10,C,0,2.287
141,2,11,B,0,1.272
141,2,12,Y,7,3.238
141,3,13,A,10,1.404
141,3,14,X,10,0.64
141,3,15,Y,8,2.188
141,3,16,C,0,2.655
141,3,17,D,0,3.82
141,3,18,B,0,0.576
141,4,19,A,10,1.305
141,4,20,D,0,0.956
141,4,21,C,0,0.509
141,4,22,Y,7,2.653
141,4,23,B,0,1.259
141,4,24,X,10,1.526
141,5,25,A,10,0.454
141,5,26,C,0,1.04
141,5,27,D,0,0.692
141,5,28,Y,7,1.737
141,5,29,X,10,1.438
141,5,30,B,0,1.076
141,6,31,X,7,1.508
141,6,32,D,0,1.125
141,6,33,B,0,0.505
141,6,34,A,10,1.022
141,6,35,Y,7,1.638
141,6,36,C,0,1.022
141,7,37,Y,7,1.373
141,7,38,A,10,3.121
141,7,39,C,0,1.189
141,7,40,D,0,0.556
141,7,41,B,0,0.507
141,7,42,X,7,1.494
141,8,43,D,0,1.439
141,8,44,B,0,0.572
141,8,45,A,10,1.473
141,8,46,C,0,1.039
141,8,47,X,7,1.403
141,8,48,Y,7,0.66
141,9,49,A,10,0.776
141,9,50,X,7,0.97
141,9,51,B,0,1.622
141,9,52,D,0,1.657
141,9,53,Y,7,1.989
141,9,54,C,0,1.256
141,10,55,D,0,0.608
141,10,56,X,6,1.175
141,10,57,Y,7,1.256
141,10,58,B,0,1.26
141,10,59,A,10,1.372
141,10,60,C,0,1.347
