index,ppt,trial,stimulus_left,stimulus_right,reward_left,reward_right,responses,feedback
0,1,1,2,4,1,1,1,1
1,1,2,2,4,1,1,2,1
2,1,3,2,1,0,0,1,0
3,1,4,2,1,0,0,2,0
4,1,5,1,4,0,0,1,0
5,1,6,4,3,1,1,1,1
6,1,7,3,1,1,0,1,1
7,1,8,3,2,0,0,2,0
8,1,9,1,4,0,0,1,0
9,1,10,2,3,0,0,1,0
10,1,11,2,3,0,1,2,1
11,1,12,2,4,1,1,2,1
12,1,13,2,1,0,0,2,0
13,1,14,1,4,1,0,2,0
14,1,15,1,3,0,1,2,1
15,1,16,2,4,0,0,2,0
16,1,17,3,1,0,0,1,0
17,1,18,1,2,0,0,1,0
18,1,19,1,3,0,1,2,1
19,1,20,1,3,0,1,2,1
20,1,21,3,2,1,1,1,1
21,1,22,1,3,0,0,2,0
22,1,23,1,3,0,0,2,0
23,1,24,3,4,0,1,2,1
24,1,25,1,4,0,1,2,1
25,1,26,1,3,0,0,1,0
26,1,27,3,2,0,0,1,0
27,1,28,3,4,1,1,2,1
28,1,29,2,1,1,0,2,0
29,1,30,3,1,0,0,2,0
30,1,31,1,2,0,0,2,0
31,1,32,4,1,0,0,1,0
32,1,33,1,2,1,0,1,1
33,1,34,3,1,0,0,1,0
34,1,35,3,1,0,0,2,0
35,1,36,4,2,1,1,1,1
36,1,37,3,4,1,1,1,1
37,1,38,4,2,1,0,1,1
38,1,39,3,1,1,1,1,1
39,1,40,4,1,1,0,2,0
40,1,41,3,4,1,1,2,1
41,1,42,2,3,0,0,2,0
42,1,43,3,2,1,1,1,1
43,1,44,2,3,0,1,2,1
44,1,45,4,2,1,0,1,1
45,1,46,1,3,0,1,2,1
46,1,47,4,1,1,0,2,0
47,1,48,4,2,1,1,1,1
48,1,49,4,2,1,0,1,1
49,1,50,4,3,1,1,1,1
50,1,51,4,3,1,0,1,1
51,1,52,4,1,1,0,1,1
52,1,53,3,1,1,0,2,0
53,1,54,2,1,0,0,1,0
54,1,55,1,4,1,1,2,1
55,1,56,1,2,1,0,2,0
56,1,57,4,2,0,1,1,0
57,1,58,2,4,0,1,2,1
58,1,59,3,4,1,1,2,1
59,1,60,2,1,0,0,1,0
60,1,61,3,2,1,0,1,1
61,1,62,1,3,0,0,2,0
62,1,63,4,2,1,0,1,1
63,1,64,3,2,1,1,1,1
64,1,65,2,3,0,1,2,1
65,1,66,2,1,0,0,2,0
66,1,67,4,3,1,1,1,1
67,1,68,4,1,1,0,1,1
68,1,69,4,3,1,1,1,1
69,1,70,1,2,0,1,2,1
70,1,71,3,4,0,1,2,1
71,1,72,3,2,1,0,2,0
72,1,73,1,4,0,1,2,1
73,1,74,2,1,1,0,2,0
74,1,75,2,3,1,0,2,0
75,1,76,2,3,0,1,2,1
76,1,77,4,3,1,1,1,1
77,1,78,3,2,1,1,1,1
78,1,79,3,4,0,1,2,1
79,1,80,1,2,1,1,1,1
80,1,81,3,1,1,1,1,1
81,1,82,2,3,1,0,2,0
82,1,83,2,4,0,1,2,1
83,1,84,4,3,1,1,1,1
84,1,85,4,2,0,1,1,0
85,1,86,4,1,0,0,1,0
86,1,87,1,2,1,1,1,1
87,1,88,4,1,1,0,1,1
88,1,89,4,3,1,0,1,1
89,1,90,4,1,1,0,1,1
90,1,91,1,4,1,1,2,1
91,1,92,1,2,0,1,2,1
92,1,93,2,4,1,1,2,1
93,1,94,1,4,1,0,2,0
94,1,95,3,4,0,1,2,1
95,1,96,2,4,0,0,1,0
96,2,1,2,4,0,1,2,1
97,2,2,2,4,0,1,1,0
98,2,3,3,2,1,1,1,1
99,2,4,3,2,1,1,2,1
100,2,5,3,1,0,0,2,0
101,2,6,3,1,0,0,1,0
102,2,7,3,1,1,0,1,1
103,2,8,3,4,0,0,1,0
104,2,9,4,3,1,0,1,1
105,2,10,1,4,0,1,2,1
106,2,11,3,1,1,0,2,0
107,2,12,2,4,0,1,2,1
108,2,13,4,3,1,0,1,1
109,2,14,1,4,1,1,2,1
110,2,15,1,2,0,1,1,0
111,2,16,4,3,0,1,1,0
112,2,17,4,2,1,0,2,0
113,2,18,1,2,0,1,1,0
114,2,19,3,1,1,1,1,1
115,2,20,4,3,1,0,2,0
116,2,21,2,3,0,1,2,1
117,2,22,4,3,1,0,2,0
118,2,23,3,4,1,1,2,1
119,2,24,3,4,1,0,2,0
120,2,25,1,3,1,1,2,1
121,2,26,1,4,1,1,2,1
122,2,27,4,1,1,0,1,1
123,2,28,3,4,1,1,2,1
124,2,29,4,2,1,1,1,1
125,2,30,3,1,1,1,1,1
126,2,31,2,1,0,0,2,0
127,2,32,3,1,1,0,1,1
128,2,33,3,2,1,0,1,1
129,2,34,3,4,0,0,2,0
130,2,35,1,2,0,1,2,1
131,2,36,1,4,0,1,2,1
132,2,37,1,3,0,0,2,0
133,2,38,2,3,0,1,2,1
134,2,39,2,1,1,0,2,0
135,2,40,4,2,1,1,1,1
136,2,41,2,3,1,1,2,1
137,2,42,4,2,1,0,1,1
138,2,43,2,1,0,0,2,0
139,2,44,2,4,0,1,2,1
140,2,45,3,4,1,0,2,0
141,2,46,1,3,1,1,2,1
142,2,47,4,1,1,1,1,1
143,2,48,3,2,0,1,1,0
144,2,49,1,4,0,1,2,1
145,2,50,3,4,0,0,2,0
146,2,51,2,4,1,0,2,0
147,2,52,1,3,0,0,2,0
148,2,53,1,2,0,1,1,0
149,2,54,2,1,0,0,1,0
150,2,55,4,2,1,1,1,1
151,2,56,4,1,1,0,1,1
152,2,57,2,1,0,0,1,0
153,2,58,4,2,1,1,1,1
154,2,59,4,3,1,0,1,1
155,2,60,2,4,0,1,2,1
156,2,61,2,4,0,1,2,1
157,2,62,1,4,0,1,2,1
158,2,63,2,3,0,1,2,1
159,2,64,3,2,0,1,1,0
160,2,65,2,1,1,0,2,0
161,2,66,1,2,0,0,2,0
162,2,67,4,2,1,0,1,1
163,2,68,2,4,1,0,2,0
164,2,69,2,3,0,1,1,0
165,2,70,3,2,0,1,1,0
166,2,71,1,3,0,1,2,1
167,2,72,2,3,0,1,2,1
168,2,73,4,1,1,0,2,0
169,2,74,2,1,0,0,2,0
170,2,75,1,4,0,1,2,1
171,2,76,4,1,1,1,1,1
172,2,77,4,3,0,1,1,0
173,2,78,2,3,1,1,1,1
174,2,79,2,1,0,0,1,0
175,2,80,4,2,1,0,1,1
176,2,81,4,3,1,0,1,1
177,2,82,3,2,0,1,2,1
178,2,83,2,3,0,1,1,0
179,2,84,1,2,0,0,2,0
180,2,85,3,1,1,0,1,1
181,2,86,1,4,0,1,2,1
182,2,87,3,4,0,0,2,0
183,2,88,4,1,1,1,1,1
184,2,89,4,1,1,0,1,1
185,2,90,1,3,0,0,2,0
186,2,91,1,3,0,0,1,0
187,2,92,1,3,0,1,2,1
188,2,93,4,1,1,1,1,1
189,2,94,1,2,0,0,2,0
190,2,95,1,2,0,0,1,0
191,2,96,3,2,1,0,1,1
192,3,1,4,2,1,0,1,1
193,3,2,4,2,1,0,2,0
194,3,3,3,1,1,0,2,0
195,3,4,3,1,1,0,2,0
196,3,5,3,4,1,0,2,0
197,3,6,3,4,1,0,1,1
198,3,7,1,3,0,0,1,0
199,3,8,1,2,1,0,2,0
200,3,9,2,4,0,1,1,0
201,3,10,2,4,1,1,2,1
202,3,11,4,1,1,0,1,1
203,3,12,2,1,0,0,1,0
204,3,13,1,3,1,1,2,1
205,3,14,2,3,1,1,1,1
206,3,15,2,1,0,0,1,0
207,3,16,2,1,0,1,2,1
208,3,17,1,4,0,1,2,1
209,3,18,3,4,0,1,1,0
210,3,19,3,1,0,0,2,0
211,3,20,2,4,1,1,1,1
212,3,21,4,1,1,1,1,1
213,3,22,2,3,1,1,2,1
214,3,23,3,4,0,1,1,0
215,3,24,1,4,0,0,2,0
216,3,25,4,2,1,0,1,1
217,3,26,3,4,0,1,1,0
218,3,27,3,2,1,0,2,0
219,3,28,2,1,0,0,2,0
220,3,29,4,2,1,0,2,0
221,3,30,3,4,1,0,2,0
222,3,31,4,3,1,0,1,1
223,3,32,2,4,1,1,1,1
224,3,33,1,2,0,1,1,0
225,3,34,2,3,0,1,2,1
226,3,35,4,3,1,1,1,1
227,3,36,1,3,1,0,1,1
228,3,37,2,1,0,0,2,0
229,3,38,1,2,0,0,1,0
230,3,39,3,1,0,0,2,0
231,3,40,4,3,0,1,2,1
232,3,41,3,2,0,1,2,1
233,3,42,2,1,0,0,1,0
234,3,43,4,1,1,0,2,0
235,3,44,1,3,1,0,2,0
236,3,45,3,2,0,1,2,1
237,3,46,4,3,1,0,1,1
238,3,47,4,2,1,1,1,1
239,3,48,1,3,0,0,2,0
240,3,49,3,1,1,0,2,0
241,3,50,4,1,1,0,1,1
242,3,51,1,3,0,1,1,0
243,3,52,1,2,0,0,2,0
244,3,53,4,3,1,0,1,1
245,3,54,2,3,1,1,1,1
246,3,55,2,1,0,1,1,0
247,3,56,2,4,1,1,1,1
248,3,57,1,4,0,1,2,1
249,3,58,4,2,1,1,2,1
250,3,59,3,1,0,0,1,0
251,3,60,3,1,1,0,1,1
252,3,61,1,3,1,1,2,1
253,3,62,4,1,0,0,1,0
254,3,63,2,4,0,1,1,0
255,3,64,4,1,0,0,1,0
256,3,65,3,4,1,0,1,1
257,3,66,4,2,1,0,2,0
258,3,67,3,2,1,0,1,1
259,3,68,2,3,0,1,2,1
260,3,69,4,1,1,1,2,1
261,3,70,2,3,1,1,1,1
262,3,71,1,4,0,1,2,1
263,3,72,4,1,1,0,1,1
264,3,73,3,4,0,1,2,1
265,3,74,3,2,1,0,2,0
266,3,75,4,2,1,0,1,1
267,3,76,4,3,1,0,2,0
268,3,77,2,1,0,0,1,0
269,3,78,3,2,0,1,1,0
270,3,79,3,1,0,0,2,0
271,3,80,1,4,0,1,2,1
272,3,81,3,2,1,0,1,1
273,3,82,1,2,1,0,1,1
274,3,83,1,3,0,1,1,0
275,3,84,1,4,0,1,2,1
276,3,85,1,2,0,0,2,0
277,3,86,3,2,0,1,2,1
278,3,87,1,4,0,0,1,0
279,3,88,2,3,1,1,2,1
280,3,89,1,2,0,1,2,1
281,3,90,4,3,0,1,1,0
282,3,91,2,4,1,1,1,1
283,3,92,4,3,1,1,1,1
284,3,93,1,4,0,1,2,1
285,3,94,2,4,1,1,2,1
286,3,95,2,3,1,1,2,1
287,3,96,1,2,0,0,2,0
288,4,1,1,4,0,1,1,0
289,4,2,1,4,1,0,2,0
290,4,3,1,4,0,1,1,0
291,4,4,1,2,0,0,1,0
292,4,5,1,2,0,1,2,1
293,4,6,1,4,1,0,1,1
294,4,7,2,3,1,0,2,0
295,4,8,2,3,1,0,1,1
296,4,9,3,2,1,1,2,1
297,4,10,3,1,0,0,1,0
298,4,11,1,2,0,0,2,0
299,4,12,4,3,1,0,1,1
300,4,13,1,4,0,1,1,0
301,4,14,3,1,0,0,1,0
302,4,15,4,2,0,0,2,0
303,4,16,3,4,1,0,2,0
304,4,17,1,2,0,1,1,0
305,4,18,3,1,0,0,1,0
306,4,19,1,3,1,1,1,1
307,4,20,4,1,1,0,1,1
308,4,21,2,4,0,1,2,1
309,4,22,3,4,1,1,2,1
310,4,23,1,4,0,1,2,1
311,4,24,2,3,1,0,1,1
312,4,25,3,2,0,1,2,1
313,4,26,2,1,0,0,1,0
314,4,27,2,3,0,1,1,0
315,4,28,3,2,1,1,1,1
316,4,29,2,1,0,0,2,0
317,4,30,2,4,0,1,2,1
318,4,31,4,3,1,0,2,0
319,4,32,1,4,0,1,2,1
320,4,33,1,2,0,0,1,0
321,4,34,4,3,1,1,1,1
322,4,35,3,1,1,1,2,1
323,4,36,3,4,1,1,2,1
324,4,37,4,2,1,1,1,1
325,4,38,3,1,1,0,2,0
326,4,39,2,1,0,0,2,0
327,4,40,2,4,0,1,1,0
328,4,41,2,3,1,0,2,0
329,4,42,4,2,0,1,1,0
330,4,43,2,4,1,1,2,1
331,4,44,3,4,1,0,2,0
332,4,45,3,4,0,1,1,0
333,4,46,3,2,0,1,2,1
334,4,47,2,4,1,1,1,1
335,4,48,4,3,1,1,1,1
336,4,49,3,2,1,0,1,1
337,4,50,4,3,1,1,2,1
338,4,51,2,4,1,1,1,1
339,4,52,1,3,0,1,2,1
340,4,53,4,1,0,1,1,0
341,4,54,1,4,0,1,1,0
342,4,55,3,1,0,0,2,0
343,4,56,1,3,0,1,2,1
344,4,57,1,3,0,1,1,0
345,4,58,4,1,1,0,1,1
346,4,59,4,1,1,0,2,0
347,4,60,2,3,1,0,1,1
348,4,61,4,2,1,0,1,1
349,4,62,4,2,1,0,2,0
350,4,63,2,4,1,1,1,1
351,4,64,4,2,1,1,1,1
352,4,65,2,1,0,0,1,0
353,4,66,4,1,1,0,1,1
354,4,67,4,1,1,0,1,1
355,4,68,3,2,0,0,2,0
356,4,69,2,1,0,0,1,0
357,4,70,1,2,0,0,1,0
358,4,71,1,3,0,1,2,1
359,4,72,4,3,1,0,2,0
360,4,73,1,2,0,0,2,0
361,4,74,3,4,1,1,2,1
362,4,75,3,1,1,1,1,1
363,4,76,3,2,1,0,1,1
364,4,77,1,2,0,0,1,0
365,4,78,3,4,0,1,2,1
366,4,79,3,4,1,1,2,1
367,4,80,4,3,1,0,2,0
368,4,81,2,3,1,0,2,0
369,4,82,2,1,0,0,2,0
370,4,83,2,4,0,1,2,1
371,4,84,2,1,0,0,1,0
372,4,85,2,1,0,0,2,0
373,4,86,2,3,0,1,2,1
374,4,87,1,3,1,1,2,1
375,4,88,3,2,0,0,1,0
376,4,89,3,1,1,0,2,0
377,4,90,1,3,1,1,2,1
378,4,91,4,1,0,1,1,0
379,4,92,1,3,1,1,1,1
380,4,93,4,1,1,0,2,0
381,4,94,4,3,1,1,1,1
382,4,95,4,2,0,0,1,0
383,4,96,4,2,0,1,1,0
384,5,1,4,1,1,0,1,1
385,5,2,4,1,1,0,2,0
386,5,3,1,3,0,0,2,0
387,5,4,1,3,0,0,1,0
388,5,5,4,1,1,0,1,1
389,5,6,4,1,1,0,1,1
390,5,7,4,1,0,0,1,0
391,5,8,2,1,0,0,1,0
392,5,9,3,4,0,1,2,1
393,5,10,4,1,1,0,1,1
394,5,11,2,4,1,1,1,1
395,5,12,2,4,0,0,2,0
396,5,13,3,4,0,1,2,1
397,5,14,1,2,0,1,2,1
398,5,15,3,4,1,1,2,1
399,5,16,2,4,0,1,2,1
400,5,17,2,3,1,0,1,1
401,5,18,4,2,1,0,1,1
402,5,19,2,1,0,0,1,0
403,5,20,3,1,1,0,2,0
404,5,21,1,2,0,1,2,1
405,5,22,2,3,1,1,1,1
406,5,23,3,2,1,0,2,0
407,5,24,2,3,0,1,1,0
408,5,25,1,4,1,1,2,1
409,5,26,4,2,1,1,1,1
410,5,27,3,2,1,1,2,1
411,5,28,1,4,0,1,2,1
412,5,29,4,3,1,0,1,1
413,5,30,1,4,0,0,2,0
414,5,31,4,1,1,0,1,1
415,5,32,2,3,1,1,1,1
416,5,33,3,4,1,1,2,1
417,5,34,4,3,0,0,1,0
418,5,35,3,4,0,1,2,1
419,5,36,3,2,1,0,2,0
420,5,37,3,2,1,1,2,1
421,5,38,1,2,1,0,2,0
422,5,39,4,2,1,0,1,1
423,5,40,1,3,0,0,2,0
424,5,41,3,4,1,1,2,1
425,5,42,4,3,1,1,1,1
426,5,43,3,2,1,1,2,1
427,5,44,4,2,1,0,1,1
428,5,45,4,2,1,0,1,1
429,5,46,3,1,0,0,2,0
430,5,47,1,2,0,1,2,1
431,5,48,4,2,1,0,1,1
432,5,49,2,4,0,1,2,1
433,5,50,4,1,0,0,1,0
434,5,51,2,1,0,1,1,0
435,5,52,3,4,1,1,2,1
436,5,53,2,4,0,0,2,0
437,5,54,1,2,0,1,2,1
438,5,55,3,2,0,1,2,1
439,5,56,1,2,0,0,2,0
440,5,57,3,1,1,0,2,0
441,5,58,2,4,0,1,2,1
442,5,59,4,3,1,0,1,1
443,5,60,3,1,0,0,2,0
444,5,61,4,3,0,0,1,0
445,5,62,1,3,0,0,1,0
446,5,63,3,1,1,0,2,0
447,5,64,2,4,0,1,2,1
448,5,65,4,2,1,1,1,1
449,5,66,1,3,1,1,1,1
450,5,67,2,3,0,1,1,0
451,5,68,1,4,0,0,2,0
452,5,69,2,4,1,1,2,1
453,5,70,1,2,0,0,2,0
454,5,71,1,3,1,0,1,1
455,5,72,2,1,1,0,1,1
456,5,73,1,4,0,1,2,1
457,5,74,2,3,0,1,1,0
458,5,75,1,3,1,1,1,1
459,5,76,1,4,0,0,2,0
460,5,77,3,4,0,1,2,1
461,5,78,2,1,0,0,1,0
462,5,79,3,1,1,0,2,0
463,5,80,2,1,1,0,1,1
464,5,81,1,4,0,0,2,0
465,5,82,2,1,0,1,1,0
466,5,83,2,3,0,1,1,0
467,5,84,2,1,0,0,1,0
468,5,85,2,3,1,0,1,1
469,5,86,4,2,1,0,1,1
470,5,87,1,3,1,0,1,1
471,5,88,4,3,1,1,1,1
472,5,89,1,4,1,1,2,1
473,5,90,1,2,1,0,2,0
474,5,91,3,1,1,0,2,0
475,5,92,4,3,1,1,1,1
476,5,93,4,3,1,1,1,1
477,5,94,3,2,1,1,2,1
478,5,95,3,1,1,0,2,0
479,5,96,3,2,0,1,2,1
480,6,1,1,2,0,0,2,0
481,6,2,3,1,1,0,2,0
482,6,3,1,2,0,0,1,0
483,6,4,3,1,1,0,1,1
484,6,5,3,2,0,0,1,0
485,6,6,3,2,0,0,1,0
486,6,7,1,4,0,1,2,1
487,6,8,1,3,0,0,2,0
488,6,9,3,2,0,0,2,0
489,6,10,3,2,1,1,2,1
490,6,11,1,2,0,1,2,1
491,6,12,2,3,0,0,2,0
492,6,13,2,1,0,0,2,0
493,6,14,2,1,0,0,2,0
494,6,15,4,2,1,1,2,1
495,6,16,2,4,1,1,1,1
496,6,17,2,3,1,1,2,1
497,6,18,3,2,0,0,1,0
498,6,19,4,1,1,0,1,1
499,6,20,3,4,1,1,1,1
500,6,21,2,1,0,0,1,0
501,6,22,3,1,0,1,1,0
502,6,23,4,2,0,1,1,0
503,6,24,4,1,1,1,2,1
504,6,25,4,1,1,1,1,1
505,6,26,4,2,0,1,2,1
506,6,27,2,1,1,0,2,0
507,6,28,1,2,0,1,2,1
508,6,29,3,4,1,1,1,1
509,6,30,4,2,0,1,2,1
510,6,31,1,4,1,0,1,1
511,6,32,2,1,0,0,2,0
512,6,33,2,4,0,1,2,1
513,6,34,3,4,1,0,2,0
514,6,35,1,3,0,1,2,1
515,6,36,4,2,1,0,2,0
516,6,37,4,1,1,1,1,1
517,6,38,3,1,0,1,2,1
518,6,39,3,4,1,1,2,1
519,6,40,3,1,0,1,1,0
520,6,41,3,4,1,1,2,1
521,6,42,1,4,0,1,2,1
522,6,43,4,2,1,1,1,1
523,6,44,2,4,1,1,1,1
524,6,45,1,2,0,0,2,0
525,6,46,2,3,1,1,2,1
526,6,47,4,3,1,1,2,1
527,6,48,1,2,0,1,2,1
528,6,49,1,3,0,1,1,0
529,6,50,3,2,0,0,2,0
530,6,51,2,4,0,1,1,0
531,6,52,2,3,0,1,2,1
532,6,53,2,3,0,1,2,1
533,6,54,1,4,1,0,2,0
534,6,55,4,3,0,1,2,1
535,6,56,3,4,1,1,1,1
536,6,57,1,3,0,0,2,0
537,6,58,1,3,0,1,2,1
538,6,59,1,2,0,1,1,0
539,6,60,3,1,0,0,1,0
540,6,61,2,1,0,0,2,0
541,6,62,1,3,0,0,1,0
542,6,63,4,2,0,1,2,1
543,6,64,2,4,1,1,2,1
544,6,65,1,4,0,1,2,1
545,6,66,4,1,1,0,2,0
546,6,67,3,2,0,0,2,0
547,6,68,1,4,0,1,1,0
548,6,69,2,4,1,1,2,1
549,6,70,4,3,1,0,1,1
550,6,71,4,3,0,1,1,0
551,6,72,3,1,0,1,1,0
552,6,73,4,1,1,1,1,1
553,6,74,3,4,1,1,2,1
554,6,75,4,3,1,1,1,1
555,6,76,1,3,0,1,2,1
556,6,77,2,3,0,0,1,0
557,6,78,3,2,1,1,2,1
558,6,79,1,4,0,1,2,1
559,6,80,1,2,0,0,1,0
560,6,81,2,3,0,1,2,1
561,6,82,2,1,0,0,1,0
562,6,83,4,1,1,0,1,1
563,6,84,2,4,0,1,2,1
564,6,85,3,1,0,0,1,0
565,6,86,2,3,0,1,2,1
566,6,87,1,4,0,1,2,1
567,6,88,2,4,0,1,2,1
568,6,89,4,2,1,0,1,1
569,6,90,4,3,1,1,2,1
570,6,91,4,3,1,1,2,1
571,6,92,4,3,1,0,1,1
572,6,93,3,4,1,0,1,1
573,6,94,4,1,1,0,1,1
574,6,95,2,1,1,0,2,0
575,6,96,1,3,0,0,2,0
576,7,1,2,3,0,1,1,0
577,7,2,2,1,1,0,2,0
578,7,3,1,4,0,1,2,1
579,7,4,2,3,0,1,1,0
580,7,5,2,1,1,0,2,0
581,7,6,1,4,0,1,1,0
582,7,7,2,1,0,0,2,0
583,7,8,1,3,0,1,2,1
584,7,9,3,1,1,0,2,0
585,7,10,2,1,0,1,1,0
586,7,11,1,4,1,1,2,1
587,7,12,2,1,0,0,2,0
588,7,13,4,3,1,0,2,0
589,7,14,2,4,0,1,2,1
590,7,15,2,4,0,1,2,1
591,7,16,1,2,0,1,2,1
592,7,17,3,2,1,1,1,1
593,7,18,4,2,0,1,2,1
594,7,19,1,3,0,1,2,1
595,7,20,4,2,1,1,1,1
596,7,21,4,3,1,0,1,1
597,7,22,3,4,1,1,1,1
598,7,23,3,2,0,1,1,0
599,7,24,3,1,0,1,1,0
600,7,25,2,3,0,0,2,0
601,7,26,3,2,1,0,2,0
602,7,27,1,3,0,1,2,1
603,7,28,2,3,1,1,2,1
604,7,29,2,1,1,0,1,1
605,7,30,3,1,0,0,1,0
606,7,31,1,2,0,0,2,0
607,7,32,3,2,1,0,1,1
608,7,33,4,1,1,0,1,1
609,7,34,4,3,1,0,1,1
610,7,35,1,3,0,1,2,1
611,7,36,1,3,0,1,2,1
612,7,37,3,1,0,1,1,0
613,7,38,4,2,0,1,1,0
614,7,39,2,3,1,1,2,1
615,7,40,4,2,1,0,1,1
616,7,41,3,1,0,0,1,0
617,7,42,4,3,1,0,1,1
618,7,43,1,4,0,0,2,0
619,7,44,1,2,0,0,2,0
620,7,45,3,4,0,1,1,0
621,7,46,1,2,0,1,1,0
622,7,47,4,1,1,1,1,1
623,7,48,1,3,0,1,2,1
624,7,49,4,1,1,0,1,1
625,7,50,1,3,0,1,2,1
626,7,51,3,2,1,1,1,1
627,7,52,2,1,1,0,2,0
628,7,53,4,1,0,1,1,0
629,7,54,3,4,0,1,2,1
630,7,55,3,4,0,1,1,0
631,7,56,4,1,1,1,1,1
632,7,57,1,4,0,1,2,1
633,7,58,3,4,0,1,1,0
634,7,59,4,2,1,1,1,1
635,7,60,2,3,1,1,2,1
636,7,61,1,2,0,0,1,0
637,7,62,3,4,1,1,2,1
638,7,63,2,3,0,0,2,0
639,7,64,2,4,1,1,1,1
640,7,65,2,4,0,0,1,0
641,7,66,4,2,0,0,2,0
642,7,67,4,3,1,0,1,1
643,7,68,2,3,1,1,2,1
644,7,69,4,2,1,0,1,1
645,7,70,1,4,1,1,2,1
646,7,71,3,2,0,1,1,0
647,7,72,4,1,1,0,1,1
648,7,73,3,4,1,1,2,1
649,7,74,2,4,0,1,2,1
650,7,75,2,1,0,1,2,1
651,7,76,3,1,1,0,1,1
652,7,77,4,1,0,1,1,0
653,7,78,1,2,0,0,1,0
654,7,79,2,4,1,1,2,1
655,7,80,1,4,0,1,2,1
656,7,81,2,4,0,0,2,0
657,7,82,3,1,1,0,2,0
658,7,83,1,4,0,0,2,0
659,7,84,2,4,0,1,2,1
660,7,85,4,2,0,0,1,0
661,7,86,3,2,1,0,1,1
662,7,87,4,3,1,0,1,1
663,7,88,3,4,1,1,1,1
664,7,89,1,2,0,0,1,0
665,7,90,1,2,0,0,1,0
666,7,91,1,3,0,1,2,1
667,7,92,4,3,1,0,1,1
668,7,93,4,3,1,0,2,0
669,7,94,4,1,1,0,1,1
670,7,95,3,2,1,0,1,1
671,7,96,3,1,1,0,1,1
672,8,1,4,2,1,1,1,1
673,8,2,3,4,1,1,2,1
674,8,3,4,2,1,1,1,1
675,8,4,3,4,1,0,2,0
676,8,5,4,2,0,1,1,0
677,8,6,2,1,0,0,1,0
678,8,7,3,4,1,1,2,1
679,8,8,1,2,0,0,2,0
680,8,9,2,1,1,0,2,0
681,8,10,3,4,1,0,2,0
682,8,11,4,3,1,0,1,1
683,8,12,2,4,0,1,2,1
684,8,13,4,2,1,1,1,1
685,8,14,2,4,0,1,1,0
686,8,15,2,1,1,0,1,1
687,8,16,4,1,1,0,1,1
688,8,17,1,2,0,0,2,0
689,8,18,1,4,0,1,2,1
690,8,19,4,3,1,0,1,1
691,8,20,2,3,0,1,1,0
692,8,21,4,1,1,0,1,1
693,8,22,2,3,0,0,1,0
694,8,23,2,1,0,0,1,0
695,8,24,1,4,0,1,2,1
696,8,25,3,2,0,1,2,1
697,8,26,2,3,0,0,2,0
698,8,27,3,1,0,0,2,0
699,8,28,1,2,1,1,1,1
700,8,29,4,1,1,1,1,1
701,8,30,2,1,0,0,2,0
702,8,31,1,2,0,1,1,0
703,8,32,4,1,0,1,1,0
704,8,33,3,4,0,1,2,1
705,8,34,3,2,1,0,2,0
706,8,35,2,4,1,1,2,1
707,8,36,2,3,1,1,2,1
708,8,37,3,2,1,0,1,1
709,8,38,4,1,1,0,2,0
710,8,39,3,4,1,1,2,1
711,8,40,1,3,0,1,2,1
712,8,41,4,2,1,0,1,1
713,8,42,4,1,1,0,1,1
714,8,43,4,3,0,1,2,1
715,8,44,3,4,1,1,1,1
716,8,45,1,3,0,1,2,1
717,8,46,3,1,1,1,1,1
718,8,47,3,1,1,0,1,1
719,8,48,1,2,0,1,2,1
720,8,49,2,4,0,1,1,0
721,8,50,2,3,1,1,2,1
722,8,51,2,3,0,0,2,0
723,8,52,2,1,0,0,2,0
724,8,53,1,3,0,0,2,0
725,8,54,1,4,0,1,2,1
726,8,55,2,1,0,0,1,0
727,8,56,1,3,1,0,2,0
728,8,57,4,2,1,1,1,1
729,8,58,3,4,0,1,2,1
730,8,59,2,4,0,1,2,1
731,8,60,2,4,0,1,2,1
732,8,61,1,4,0,1,1,0
733,8,62,1,4,0,1,2,1
734,8,63,4,2,1,0,1,1
735,8,64,4,1,1,1,1,1
736,8,65,1,3,0,1,1,0
737,8,66,4,3,0,1,1,0
738,8,67,3,2,0,0,2,0
739,8,68,2,1,0,0,1,0
740,8,69,3,2,0,1,2,1
741,8,70,3,2,0,0,1,0
742,8,71,2,4,1,1,2,1
743,8,72,2,4,0,1,2,1
744,8,73,4,1,0,1,1,0
745,8,74,1,2,0,0,2,0
746,8,75,1,4,0,1,2,1
747,8,76,2,3,0,1,1,0
748,8,77,3,2,0,1,1,0
749,8,78,3,2,0,1,1,0
750,8,79,4,3,0,1,1,0
751,8,80,1,4,0,1,1,0
752,8,81,4,3,1,1,1,1
753,8,82,1,2,1,1,1,1
754,8,83,4,3,1,1,1,1
755,8,84,4,2,0,1,1,0
756,8,85,3,1,1,1,2,1
757,8,86,2,3,0,0,2,0
758,8,87,3,1,1,0,2,0
759,8,88,1,3,0,0,2,0
760,8,89,3,1,0,0,1,0
761,8,90,1,4,0,1,2,1
762,8,91,1,3,0,1,1,0
763,8,92,4,3,0,1,1,0
764,8,93,3,1,1,0,2,0
765,8,94,1,3,1,0,2,0
766,8,95,3,1,1,0,1,1
767,8,96,1,2,0,0,2,0
768,9,1,2,3,1,0,1,1
769,9,2,2,3,1,0,2,0
770,9,3,2,1,0,1,1,0
771,9,4,2,1,0,1,1,0
772,9,5,4,3,0,0,1,0
773,9,6,4,3,0,0,1,0
774,9,7,3,4,1,1,1,1
775,9,8,3,4,0,1,1,0
776,9,9,3,1,0,0,1,0
777,9,10,3,1,0,0,2,0
778,9,11,1,2,0,0,2,0
779,9,12,3,4,1,0,2,0
780,9,13,4,2,0,1,2,1
781,9,14,2,4,0,1,1,0
782,9,15,4,1,1,0,2,0
783,9,16,4,1,1,0,2,0
784,9,17,3,4,1,1,1,1
785,9,18,1,2,0,1,1,0
786,9,19,2,4,0,1,1,0
787,9,20,4,1,1,0,1,1
788,9,21,3,4,0,1,1,0
789,9,22,1,2,0,0,1,0
790,9,23,2,1,1,0,2,0
791,9,24,3,1,0,0,1,0
792,9,25,1,4,1,1,1,1
793,9,26,1,3,1,0,1,1
794,9,27,1,3,0,1,2,1
795,9,28,3,4,1,0,2,0
796,9,29,1,4,0,1,2,1
797,9,30,1,3,1,0,2,0
798,9,31,2,1,0,0,1,0
799,9,32,1,4,0,1,1,0
800,9,33,1,3,0,1,1,0
801,9,34,4,1,1,0,1,1
802,9,35,4,3,1,1,1,1
803,9,36,3,2,1,0,1,1
804,9,37,2,1,0,0,1,0
805,9,38,1,2,0,0,2,0
806,9,39,3,1,1,0,2,0
807,9,40,4,1,1,0,1,1
808,9,41,2,1,0,0,2,0
809,9,42,3,2,0,0,1,0
810,9,43,1,3,1,1,1,1
811,9,44,2,3,1,1,2,1
812,9,45,3,2,0,0,1,0
813,9,46,1,4,0,1,1,0
814,9,47,2,3,1,1,2,1
815,9,48,2,4,0,1,2,1
816,9,49,4,3,1,1,2,1
817,9,50,3,2,0,0,1,0
818,9,51,2,3,1,1,2,1
819,9,52,2,1,1,0,2,0
820,9,53,4,1,1,0,2,0
821,9,54,1,3,0,0,1,0
822,9,55,1,4,0,1,1,0
823,9,56,4,2,1,1,1,1
824,9,57,1,4,1,1,1,1
825,9,58,1,2,0,1,1,0
826,9,59,4,2,1,0,1,1
827,9,60,3,4,1,1,2,1
828,9,61,4,2,1,0,1,1
829,9,62,2,4,0,1,2,1
830,9,63,1,4,1,1,2,1
831,9,64,1,3,1,1,1,1
832,9,65,1,2,0,0,1,0
833,9,66,3,2,1,1,2,1
834,9,67,2,4,0,1,1,0
835,9,68,3,1,1,0,1,1
836,9,69,2,4,0,1,2,1
837,9,70,3,1,1,0,2,0
838,9,71,4,2,0,1,1,0
839,9,72,2,3,1,1,2,1
840,9,73,2,3,0,1,2,1
841,9,74,4,1,1,0,1,1
842,9,75,1,2,0,0,2,0
843,9,76,2,4,1,1,2,1
844,9,77,3,4,1,1,2,1
845,9,78,2,3,0,1,2,1
846,9,79,2,1,0,0,2,0
847,9,80,3,1,0,0,1,0
848,9,81,2,4,1,1,2,1
849,9,82,3,2,1,1,1,1
850,9,83,4,3,1,0,1,1
851,9,84,4,2,1,1,1,1
852,9,85,4,2,0,1,1,0
853,9,86,1,3,0,0,1,0
854,9,87,1,2,0,0,2,0
855,9,88,4,1,1,0,1,1
856,9,89,3,2,1,0,1,1
857,9,90,3,2,0,0,1,0
858,9,91,4,3,1,0,1,1
859,9,92,4,3,0,1,1,0
860,9,93,4,3,0,1,1,0
861,9,94,3,1,1,0,1,1
862,9,95,1,4,1,1,2,1
863,9,96,4,2,0,1,1,0
864,10,1,4,1,1,0,1,1
865,10,2,1,2,0,0,2,0
866,10,3,4,1,1,0,1,1
867,10,4,2,1,0,1,2,1
868,10,5,1,2,0,0,1,0
869,10,6,2,3,0,1,2,1
870,10,7,1,3,0,0,1,0
871,10,8,2,1,0,1,2,1
872,10,9,3,4,1,0,2,0
873,10,10,2,3,0,1,2,1
874,10,11,2,4,0,0,2,0
875,10,12,1,4,0,1,1,0
876,10,13,2,4,0,1,2,1
877,10,14,2,4,1,1,1,1
878,10,15,1,3,0,1,1,0
879,10,16,2,1,1,0,2,0
880,10,17,3,1,0,0,1,0
881,10,18,4,2,0,1,1,0
882,10,19,4,3,1,1,2,1
883,10,20,3,4,0,0,1,0
884,10,21,3,2,1,1,2,1
885,10,22,4,3,1,0,1,1
886,10,23,1,3,0,0,2,0
887,10,24,4,2,0,1,1,0
888,10,25,3,2,1,0,1,1
889,10,26,4,2,1,0,1,1
890,10,27,3,1,0,0,2,0
891,10,28,2,3,1,1,1,1
892,10,29,2,3,1,1,1,1
893,10,30,2,1,1,1,1,1
894,10,31,4,3,1,0,1,1
895,10,32,3,4,1,1,2,1
896,10,33,3,4,1,1,1,1
897,10,34,1,2,0,0,2,0
898,10,35,4,3,1,1,1,1
899,10,36,3,4,0,1,1,0
900,10,37,3,1,1,0,1,1
901,10,38,2,3,0,1,2,1
902,10,39,1,4,0,1,1,0
903,10,40,3,2,1,0,2,0
904,10,41,3,2,0,1,1,0
905,10,42,4,2,1,0,1,1
906,10,43,4,1,1,1,1,1
907,10,44,1,3,0,1,1,0
908,10,45,2,3,0,1,1,0
909,10,46,1,4,1,1,2,1
910,10,47,1,4,1,1,2,1
911,10,48,3,1,1,0,1,1
912,10,49,4,2,1,1,1,1
913,10,50,1,3,0,1,2,1
914,10,51,2,1,1,0,1,1
915,10,52,3,4,1,0,2,0
916,10,53,4,2,1,0,1,1
917,10,54,3,4,0,1,2,1
918,10,55,2,4,0,1,1,0
919,10,56,2,4,1,1,2,1
920,10,57,1,2,0,1,1,0
921,10,58,4,3,1,0,1,1
922,10,59,2,4,0,0,2,0
923,10,60,4,1,0,0,1,0
924,10,61,1,2,0,0,2,0
925,10,62,1,4,1,1,1,1
926,10,63,2,4,0,1,1,0
927,10,64,2,1,0,0,2,0
928,10,65,1,2,0,1,2,1
929,10,66,2,1,0,0,1,0
930,10,67,4,1,1,0,1,1
931,10,68,4,1,0,0,2,0
932,10,69,3,2,0,0,1,0
933,10,70,3,2,0,0,2,0
934,10,71,3,4,0,0,2,0
935,10,72,3,2,0,1,1,0
936,10,73,3,1,1,0,2,0
937,10,74,3,1,1,0,2,0
938,10,75,1,4,0,1,2,1
939,10,76,2,4,0,1,2,1
940,10,77,4,3,1,0,2,0
941,10,78,1,2,0,0,2,0
942,10,79,4,2,1,0,2,0
943,10,80,1,3,0,0,2,0
944,10,81,4,1,1,0,1,1
945,10,82,3,2,1,1,2,1
946,10,83,3,1,1,0,1,1
947,10,84,1,3,0,1,1,0
948,10,85,2,3,1,1,2,1
949,10,86,1,4,1,1,1,1
950,10,87,4,1,1,1,2,1
951,10,88,4,3,1,0,1,1
952,10,89,3,1,1,0,2,0
953,10,90,4,3,1,0,1,1
954,10,91,2,1,1,1,2,1
955,10,92,1,2,0,0,1,0
956,10,93,2,3,1,1,2,1
957,10,94,1,4,0,1,2,1
958,10,95,1,3,0,0,1,0
959,10,96,4,2,1,1,2,1
960,11,1,4,1,1,0,1,1
961,11,2,4,1,1,0,1,1
962,11,3,4,1,1,0,2,0
963,11,4,2,1,0,0,1,0
964,11,5,4,1,1,0,1,1
965,11,6,4,1,1,0,1,1
966,11,7,1,4,0,1,2,1
967,11,8,3,1,1,1,1,1
968,11,9,1,2,1,1,2,1
969,11,10,3,2,0,1,2,1
970,11,11,2,1,0,0,2,0
971,11,12,2,4,1,1,2,1
972,11,13,2,3,1,1,1,1
973,11,14,2,1,0,0,1,0
974,11,15,4,3,0,1,1,0
975,11,16,4,2,1,1,1,1
976,11,17,1,4,0,1,2,1
977,11,18,4,2,1,1,1,1
978,11,19,2,1,0,0,1,0
979,11,20,4,1,1,0,1,1
980,11,21,1,4,0,0,2,0
981,11,22,1,2,0,1,2,1
982,11,23,4,2,1,1,1,1
983,11,24,3,1,1,1,1,1
984,11,25,1,3,0,1,2,1
985,11,26,2,1,0,0,1,0
986,11,27,3,1,1,0,1,1
987,11,28,1,2,0,0,2,0
988,11,29,1,4,0,0,2,0
989,11,30,3,2,0,0,2,0
990,11,31,2,3,0,0,2,0
991,11,32,4,2,1,0,1,1
992,11,33,4,3,0,0,1,0
993,11,34,2,1,0,0,2,0
994,11,35,1,4,0,1,2,1
995,11,36,2,1,0,0,1,0
996,11,37,1,2,0,0,2,0
997,11,38,4,3,0,1,1,0
998,11,39,1,3,1,0,1,1
999,11,40,2,4,1,1,1,1
1000,11,41,4,1,0,1,2,1
1001,11,42,3,2,0,0,1,0
1002,11,43,2,4,0,1,1,0
1003,11,44,2,3,0,0,2,0
1004,11,45,1,2,0,1,1,0
1005,11,46,2,1,0,0,1,0
1006,11,47,2,3,1,0,1,1
1007,11,48,3,4,1,1,2,1
1008,11,49,3,4,0,1,2,1
1009,11,50,1,3,0,1,2,1
1010,11,51,4,1,0,1,1,0
1011,11,52,2,3,1,0,2,0
1012,11,53,1,3,0,0,1,0
1013,11,54,4,3,1,1,1,1
1014,11,55,1,4,0,1,2,1
1015,11,56,3,1,1,0,2,0
1016,11,57,4,2,1,1,1,1
1017,11,58,3,4,1,1,2,1
1018,11,59,3,4,0,1,2,1
1019,11,60,4,3,0,1,1,0
1020,11,61,3,1,1,0,1,1
1021,11,62,3,2,1,0,1,1
1022,11,63,4,2,1,0,1,1
1023,11,64,1,2,1,1,2,1
1024,11,65,1,2,0,1,2,1
1025,11,66,3,2,1,0,2,0
1026,11,67,1,3,0,1,2,1
1027,11,68,3,4,1,1,2,1
1028,11,69,2,4,1,1,2,1
1029,11,70,4,3,1,1,1,1
1030,11,71,1,3,0,0,2,0
1031,11,72,3,2,0,1,1,0
1032,11,73,2,4,0,1,2,1
1033,11,74,2,3,0,0,1,0
1034,11,75,4,3,0,1,1,0
1035,11,76,2,3,1,1,1,1
1036,11,77,3,4,0,1,2,1
1037,11,78,3,2,1,0,1,1
1038,11,79,1,2,0,1,2,1
1039,11,80,2,4,0,1,2,1
1040,11,81,4,2,1,0,1,1
1041,11,82,1,3,1,0,2,0
1042,11,83,2,4,0,1,2,1
1043,11,84,3,4,0,1,2,1
1044,11,85,1,3,0,1,2,1
1045,11,86,3,1,1,0,1,1
1046,11,87,2,3,0,0,1,0
1047,11,88,3,1,1,0,1,1
1048,11,89,3,4,1,1,2,1
1049,11,90,3,2,1,0,2,0
1050,11,91,1,4,1,1,2,1
1051,11,92,3,1,1,0,1,1
1052,11,93,1,4,1,1,2,1
1053,11,94,2,4,1,1,2,1
1054,11,95,4,3,0,0,1,0
1055,11,96,4,2,1,0,1,1
1056,12,1,4,2,1,0,2,0
1057,12,2,4,2,1,0,2,0
1058,12,3,2,4,1,1,2,1
1059,12,4,2,4,1,1,2,1
1060,12,5,1,4,0,1,1,0
1061,12,6,4,3,0,0,1,0
1062,12,7,2,4,0,1,2,1
1063,12,8,1,4,0,1,2,1
1064,12,9,4,1,1,0,1,1
1065,12,10,1,3,0,1,2,1
1066,12,11,1,4,0,1,2,1
1067,12,12,2,4,0,1,2,1
1068,12,13,4,3,0,0,1,0
1069,12,14,3,1,0,0,1,0
1070,12,15,3,1,0,1,1,0
1071,12,16,2,1,0,1,2,1
1072,12,17,1,3,0,1,1,0
1073,12,18,3,4,0,1,2,1
1074,12,19,3,2,0,1,2,1
1075,12,20,3,4,1,1,2,1
1076,12,21,3,2,1,0,2,0
1077,12,22,1,3,0,1,1,0
1078,12,23,1,2,0,1,1,0
1079,12,24,1,3,0,1,2,1
1080,12,25,4,2,1,1,2,1
1081,12,26,2,4,1,1,2,1
1082,12,27,4,3,1,1,1,1
1083,12,28,1,3,0,1,2,1
1084,12,29,2,1,1,0,2,0
1085,12,30,2,3,0,1,1,0
1086,12,31,4,3,1,1,1,1
1087,12,32,1,3,0,1,2,1
1088,12,33,3,2,1,0,2,0
1089,12,34,2,1,0,1,2,1
1090,12,35,2,1,1,0,1,1
1091,12,36,2,1,0,0,2,0
1092,12,37,2,3,0,1,1,0
1093,12,38,2,3,0,1,2,1
1094,12,39,2,1,1,0,2,0
1095,12,40,1,2,0,1,1,0
1096,12,41,4,3,1,0,1,1
1097,12,42,4,2,1,1,1,1
1098,12,43,1,2,0,0,1,0
1099,12,44,2,3,0,1,2,1
1100,12,45,1,3,1,1,2,1
1101,12,46,4,1,0,0,1,0
1102,12,47,4,2,1,1,1,1
1103,12,48,2,4,0,1,2,1
1104,12,49,4,1,0,0,1,0
1105,12,50,1,2,0,0,1,0
1106,12,51,2,3,0,1,2,1
1107,12,52,3,2,0,1,2,1
1108,12,53,3,1,1,0,2,0
1109,12,54,3,4,0,0,1,0
1110,12,55,1,2,1,0,2,0
1111,12,56,2,4,1,1,2,1
1112,12,57,1,4,0,1,2,1
1113,12,58,1,3,1,1,2,1
1114,12,59,2,3,0,1,2,1
1115,12,60,3,1,0,1,1,0
1116,12,61,3,4,0,1,2,1
1117,12,62,3,2,1,0,1,1
1118,12,63,4,3,0,1,1,0
1119,12,64,4,2,1,1,1,1
1120,12,65,4,3,1,0,2,0
1121,12,66,3,2,1,0,2,0
1122,12,67,3,1,0,0,1,0
1123,12,68,4,1,1,0,1,1
1124,12,69,2,4,0,1,2,1
1125,12,70,1,2,0,0,1,0
1126,12,71,2,1,0,0,1,0
1127,12,72,4,1,1,0,1,1
1128,12,73,3,4,0,1,2,1
1129,12,74,3,2,0,1,2,1
1130,12,75,3,4,1,1,2,1
1131,12,76,1,4,0,1,1,0
1132,12,77,1,2,0,0,2,0
1133,12,78,4,1,0,0,1,0
1134,12,79,3,1,1,0,1,1
1135,12,80,2,3,0,1,2,1
1136,12,81,1,2,1,0,2,0
1137,12,82,3,1,0,0,2,0
1138,12,83,3,1,0,0,1,0
1139,12,84,4,1,0,0,2,0
1140,12,85,4,1,1,0,1,1
1141,12,86,3,4,0,1,2,1
1142,12,87,1,4,1,1,2,1
1143,12,88,2,3,0,1,1,0
1144,12,89,3,2,0,1,1,0
1145,12,90,3,4,0,0,2,0
1146,12,91,4,2,1,1,1,1
1147,12,92,4,3,0,1,1,0
1148,12,93,2,1,1,0,2,0
1149,12,94,1,4,0,1,2,1
1150,12,95,1,4,1,1,2,1
1151,12,96,4,2,1,1,1,1
1152,13,1,2,1,0,0,1,0
1153,13,2,2,1,0,0,1,0
1154,13,3,3,4,1,1,1,1
1155,13,4,1,3,1,1,2,1
1156,13,5,2,3,1,1,2,1
1157,13,6,3,4,1,1,1,1
1158,13,7,1,3,0,0,2,0
1159,13,8,1,3,1,1,1,1
1160,13,9,1,3,0,0,1,0
1161,13,10,3,1,1,0,1,1
1162,13,11,4,2,1,0,1,1
1163,13,12,4,3,1,0,1,1
1164,13,13,3,4,0,1,2,1
1165,13,14,2,1,0,0,2,0
1166,13,15,4,2,1,0,1,1
1167,13,16,3,2,0,0,1,0
1168,13,17,3,1,1,0,2,0
1169,13,18,4,3,1,1,1,1
1170,13,19,2,4,0,1,2,1
1171,13,20,4,2,1,0,1,1
1172,13,21,1,4,1,1,2,1
1173,13,22,3,2,1,0,2,0
1174,13,23,2,4,0,1,2,1
1175,13,24,1,4,0,0,2,0
1176,13,25,3,2,0,0,1,0
1177,13,26,2,3,1,0,1,1
1178,13,27,4,2,1,0,1,1
1179,13,28,4,1,1,0,1,1
1180,13,29,1,4,0,0,2,0
1181,13,30,2,3,0,0,2,0
1182,13,31,2,3,0,0,1,0
1183,13,32,1,4,0,1,1,0
1184,13,33,4,3,1,1,2,1
1185,13,34,2,4,1,1,2,1
1186,13,35,4,2,1,0,1,1
1187,13,36,3,4,0,1,1,0
1188,13,37,2,3,0,0,2,0
1189,13,38,3,2,1,0,2,0
1190,13,39,4,1,0,1,2,1
1191,13,40,1,2,1,1,1,1
1192,13,41,2,1,1,0,2,0
1193,13,42,1,4,1,1,1,1
1194,13,43,3,2,1,1,2,1
1195,13,44,3,1,0,0,1,0
1196,13,45,3,4,0,0,1,0
1197,13,46,2,4,0,1,2,1
1198,13,47,4,1,1,0,1,1
1199,13,48,3,4,1,1,2,1
1200,13,49,1,3,0,0,1,0
1201,13,50,3,1,0,0,1,0
1202,13,51,4,1,1,0,2,0
1203,13,52,4,2,1,0,1,1
1204,13,53,1,4,1,0,2,0
1205,13,54,1,2,1,1,1,1
1206,13,55,4,1,0,1,1,0
1207,13,56,2,1,1,0,2,0
1208,13,57,2,1,0,0,2,0
1209,13,58,3,1,1,0,2,0
1210,13,59,4,1,1,0,1,1
1211,13,60,1,3,0,1,1,0
1212,13,61,3,1,1,0,1,1
1213,13,62,1,2,0,1,1,0
1214,13,63,1,2,0,1,1,0
1215,13,64,3,4,0,0,2,0
1216,13,65,1,3,0,0,1,0
1217,13,66,2,4,0,1,2,1
1218,13,67,4,3,0,1,2,1
1219,13,68,3,4,1,1,2,1
1220,13,69,4,3,1,1,1,1
1221,13,70,1,3,0,1,2,1
1222,13,71,2,4,1,1,1,1
1223,13,72,4,3,1,1,2,1
1224,13,73,1,2,0,1,2,1
1225,13,74,2,4,0,1,1,0
1226,13,75,2,1,0,0,2,0
1227,13,76,4,1,1,0,2,0
1228,13,77,4,2,1,0,1,1
1229,13,78,2,3,0,0,1,0
1230,13,79,2,3,1,1,1,1
1231,13,80,3,1,1,0,2,0
1232,13,81,1,4,1,0,1,1
1233,13,82,4,3,1,0,1,1
1234,13,83,4,2,1,0,1,1
1235,13,84,2,1,0,0,1,0
1236,13,85,1,2,0,1,1,0
1237,13,86,1,2,0,1,1,0
1238,13,87,1,4,0,1,1,0
1239,13,88,3,2,1,1,1,1
1240,13,89,4,1,1,0,1,1
1241,13,90,3,1,1,0,1,1
1242,13,91,3,2,1,1,2,1
1243,13,92,2,3,1,0,1,1
1244,13,93,3,2,1,1,2,1
1245,13,94,1,2,0,1,2,1
1246,13,95,2,4,0,1,2,1
1247,13,96,4,3,0,1,1,0
1248,14,1,2,1,1,0,2,0
1249,14,2,4,1,1,0,1,1
1250,14,3,4,1,1,1,1,1
1251,14,4,4,1,1,1,1,1
1252,14,5,3,2,1,1,2,1
1253,14,6,2,1,1,0,1,1
1254,14,7,4,1,1,0,2,0
1255,14,8,4,1,1,1,1,1
1256,14,9,1,2,0,0,2,0
1257,14,10,4,2,1,0,1,1
1258,14,11,1,3,0,0,2,0
1259,14,12,3,1,1,0,1,1
1260,14,13,2,3,0,1,1,0
1261,14,14,2,3,1,0,1,1
1262,14,15,2,1,1,0,2,0
1263,14,16,4,2,0,0,1,0
1264,14,17,1,4,0,1,2,1
1265,14,18,2,4,0,1,2,1
1266,14,19,3,2,0,1,1,0
1267,14,20,4,2,1,0,1,1
1268,14,21,1,4,0,1,2,1
1269,14,22,2,4,0,1,2,1
1270,14,23,1,3,0,0,2,0
1271,14,24,3,4,1,0,2,0
1272,14,25,3,1,0,0,1,0
1273,14,26,2,1,0,1,1,0
1274,14,27,1,4,0,1,2,1
1275,14,28,3,4,0,1,2,1
1276,14,29,2,4,0,1,2,1
1277,14,30,4,1,1,0,1,1
1278,14,31,3,2,0,1,1,0
1279,14,32,4,2,1,0,1,1
1280,14,33,3,1,1,0,2,0
1281,14,34,2,4,0,1,2,1
1282,14,35,4,3,1,1,1,1
1283,14,36,3,4,1,1,2,1
1284,14,37,2,4,0,1,2,1
1285,14,38,3,4,1,0,2,0
1286,14,39,4,3,1,1,1,1
1287,14,40,4,3,0,1,1,0
1288,14,41,1,3,0,0,2,0
1289,14,42,3,4,1,0,2,0
1290,14,43,4,2,1,0,1,1
1291,14,44,4,3,0,0,1,0
1292,14,45,4,3,1,1,1,1
1293,14,46,1,3,0,0,2,0
1294,14,47,2,4,0,1,2,1
1295,14,48,1,2,0,1,1,0
1296,14,49,1,4,1,1,2,1
1297,14,50,2,4,0,1,2,1
1298,14,51,3,1,0,0,1,0
1299,14,52,1,2,1,0,2,0
1300,14,53,4,3,1,1,1,1
1301,14,54,1,2,0,0,1,0
1302,14,55,4,2,1,1,1,1
1303,14,56,3,4,1,1,2,1
1304,14,57,2,3,1,0,1,1
1305,14,58,1,4,0,1,2,1
1306,14,59,2,1,1,0,1,1
1307,14,60,4,1,1,1,1,1
1308,14,61,3,4,1,0,2,0
1309,14,62,3,2,1,1,2,1
1310,14,63,1,4,0,1,2,1
1311,14,64,3,1,1,0,1,1
1312,14,65,1,3,0,0,2,0
1313,14,66,3,1,1,0,1,1
1314,14,67,2,3,0,1,1,0
1315,14,68,2,3,0,1,1,0
1316,14,69,1,2,0,0,2,0
1317,14,70,2,3,0,1,1,0
1318,14,71,1,4,0,1,2,1
1319,14,72,2,1,0,1,2,1
1320,14,73,3,2,0,1,1,0
1321,14,74,1,2,1,0,2,0
1322,14,75,2,3,1,0,1,1
1323,14,76,1,3,0,1,1,0
1324,14,77,2,3,1,0,2,0
1325,14,78,4,2,0,0,1,0
1326,14,79,1,2,0,0,2,0
1327,14,80,4,3,0,1,1,0
1328,14,81,3,2,1,0,2,0
1329,14,82,4,3,0,0,1,0
1330,14,83,3,1,1,0,1,1
1331,14,84,1,3,0,1,2,1
1332,14,85,2,4,0,1,2,1
1333,14,86,4,2,1,1,1,1
1334,14,87,3,4,0,1,2,1
1335,14,88,3,1,1,0,1,1
1336,14,89,1,2,0,1,1,0
1337,14,90,2,1,1,0,1,1
1338,14,91,3,2,1,0,1,1
1339,14,92,4,1,1,0,1,1
1340,14,93,1,3,0,0,2,0
1341,14,94,1,4,1,1,2,1
1342,14,95,2,1,1,0,2,0
1343,14,96,3,2,0,1,2,1
1344,15,1,3,1,1,0,2,0
1345,15,2,3,1,1,0,1,1
1346,15,3,2,3,1,0,1,1
1347,15,4,2,3,0,0,1,0
1348,15,5,2,1,1,0,2,0
1349,15,6,1,2,0,0,2,0
1350,15,7,2,3,1,0,1,1
1351,15,8,2,3,0,0,1,0
1352,15,9,2,4,1,1,1,1
1353,15,10,1,2,0,0,2,0
1354,15,11,1,4,0,1,2,1
1355,15,12,4,1,1,1,1,1
1356,15,13,4,3,1,0,1,1
1357,15,14,2,4,1,1,1,1
1358,15,15,4,1,0,0,2,0
1359,15,16,4,2,1,1,2,1
1360,15,17,1,4,0,1,2,1
1361,15,18,1,2,0,0,2,0
1362,15,19,3,2,1,1,1,1
1363,15,20,4,2,1,1,1,1
1364,15,21,3,4,1,0,1,1
1365,15,22,2,1,1,0,2,0
1366,15,23,1,2,0,0,1,0
1367,15,24,2,3,0,1,1,0
1368,15,25,4,1,1,0,1,1
1369,15,26,4,2,0,0,2,0
1370,15,27,3,1,1,1,2,1
1371,15,28,1,4,0,1,1,0
1372,15,29,1,3,0,1,2,1
1373,15,30,2,4,0,1,2,1
1374,15,31,1,3,1,1,2,1
1375,15,32,3,4,0,0,1,0
1376,15,33,3,2,1,0,1,1
1377,15,34,3,2,1,1,2,1
1378,15,35,4,3,1,0,2,0
1379,15,36,4,2,1,0,1,1
1380,15,37,1,4,1,1,2,1
1381,15,38,1,3,1,1,2,1
1382,15,39,4,1,1,0,2,0
1383,15,40,3,1,1,0,1,1
1384,15,41,4,2,0,0,1,0
1385,15,42,4,2,1,0,2,0
1386,15,43,3,4,0,0,1,0
1387,15,44,2,3,0,0,1,0
1388,15,45,2,1,0,0,1,0
1389,15,46,1,2,1,0,2,0
1390,15,47,1,3,0,1,2,1
1391,15,48,2,1,1,0,1,1
1392,15,49,2,1,0,0,1,0
1393,15,50,2,3,0,1,2,1
1394,15,51,3,1,1,1,2,1
1395,15,52,4,1,1,0,2,0
1396,15,53,1,3,0,1,2,1
1397,15,54,1,4,0,1,2,1
1398,15,55,4,1,1,0,1,1
1399,15,56,3,4,1,0,2,0
1400,15,57,3,4,1,1,1,1
1401,15,58,4,1,0,0,1,0
1402,15,59,1,2,1,0,2,0
1403,15,60,3,1,0,0,1,0
1404,15,61,4,3,1,0,1,1
1405,15,62,3,2,0,0,1,0
1406,15,63,3,2,1,1,1,1
1407,15,64,3,2,1,0,2,0
1408,15,65,1,4,0,1,1,0
1409,15,66,3,4,0,1,2,1
1410,15,67,4,2,1,1,1,1
1411,15,68,1,3,0,1,2,1
1412,15,69,3,4,1,1,2,1
1413,15,70,3,2,0,0,1,0
1414,15,71,2,4,1,1,2,1
1415,15,72,2,1,0,0,2,0
1416,15,73,1,2,0,0,1,0
1417,15,74,4,1,1,1,1,1
1418,15,75,2,1,1,0,2,0
1419,15,76,4,2,1,1,1,1
1420,15,77,2,4,0,1,2,1
1421,15,78,1,4,1,1,2,1
1422,15,79,2,4,1,1,1,1
1423,15,80,1,2,0,0,2,0
1424,15,81,4,3,0,0,2,0
1425,15,82,2,4,1,1,2,1
1426,15,83,2,3,0,0,2,0
1427,15,84,1,3,0,1,2,1
1428,15,85,3,1,1,0,1,1
1429,15,86,4,3,0,0,1,0
1430,15,87,4,3,1,0,2,0
1431,15,88,2,1,0,0,1,0
1432,15,89,3,1,0,0,1,0
1433,15,90,1,4,0,1,2,1
1434,15,91,3,4,0,1,2,1
1435,15,92,2,4,1,1,2,1
1436,15,93,3,2,1,1,1,1
1437,15,94,4,3,1,1,1,1
1438,15,95,1,3,0,1,1,0
1439,15,96,4,3,1,1,2,1
1440,16,1,1,4,0,1,2,1
1441,16,2,3,2,0,1,1,0
1442,16,3,1,4,0,1,2,1
1443,16,4,3,4,1,1,2,1
1444,16,5,3,2,0,1,1,0
1445,16,6,3,4,1,1,2,1
1446,16,7,4,2,1,1,1,1
1447,16,8,2,4,0,1,2,1
1448,16,9,3,1,1,0,2,0
1449,16,10,1,3,1,0,2,0
1450,16,11,2,4,1,1,2,1
1451,16,12,2,3,0,0,2,0
1452,16,13,4,2,1,0,2,0
1453,16,14,3,1,1,0,1,1
1454,16,15,2,3,0,0,2,0
1455,16,16,2,1,0,0,1,0
1456,16,17,1,3,0,1,2,1
1457,16,18,2,3,1,0,2,0
1458,16,19,3,2,1,1,2,1
1459,16,20,3,1,1,0,2,0
1460,16,21,2,1,0,0,1,0
1461,16,22,4,3,0,1,1,0
1462,16,23,4,2,1,1,2,1
1463,16,24,4,1,1,0,1,1
1464,16,25,1,2,0,0,2,0
1465,16,26,3,4,1,1,2,1
1466,16,27,2,4,0,1,2,1
1467,16,28,4,3,1,1,1,1
1468,16,29,2,1,0,0,1,0
1469,16,30,1,2,0,0,1,0
1470,16,31,4,1,1,0,2,0
1471,16,32,4,3,0,1,1,0
1472,16,33,3,4,1,1,2,1
1473,16,34,1,2,0,0,2,0
1474,16,35,2,3,0,0,2,0
1475,16,36,2,1,1,0,2,0
1476,16,37,3,1,0,0,2,0
1477,16,38,2,1,1,0,2,0
1478,16,39,1,3,1,0,1,1
1479,16,40,4,1,1,0,2,0
1480,16,41,1,2,1,0,1,1
1481,16,42,2,1,1,0,2,0
1482,16,43,4,2,1,0,1,1
1483,16,44,1,4,0,1,1,0
1484,16,45,4,3,0,1,1,0
1485,16,46,4,2,1,0,1,1
1486,16,47,4,2,1,1,1,1
1487,16,48,2,1,1,0,2,0
1488,16,49,3,4,0,0,2,0
1489,16,50,2,4,0,1,2,1
1490,16,51,4,2,1,0,1,1
1491,16,52,1,3,1,0,1,1
1492,16,53,3,2,1,1,1,1
1493,16,54,4,3,1,1,1,1
1494,16,55,1,4,1,0,2,0
1495,16,56,4,1,1,0,2,0
1496,16,57,2,1,0,0,2,0
1497,16,58,1,4,0,1,2,1
1498,16,59,2,3,0,1,2,1
1499,16,60,3,1,1,0,1,1
1500,16,61,1,2,1,0,1,1
1501,16,62,2,3,1,0,2,0
1502,16,63,4,2,1,1,1,1
1503,16,64,1,3,1,0,1,1
1504,16,65,4,1,1,0,1,1
1505,16,66,2,4,0,1,1,0
1506,16,67,2,3,0,1,1,0
1507,16,68,4,3,1,0,1,1
1508,16,69,3,1,0,0,2,0
1509,16,70,2,4,0,0,2,0
1510,16,71,2,4,1,1,2,1
1511,16,72,3,2,1,1,2,1
1512,16,73,2,4,0,0,2,0
1513,16,74,1,3,1,0,2,0
1514,16,75,1,3,0,1,2,1
1515,16,76,1,4,1,0,2,0
1516,16,77,3,2,1,1,2,1
1517,16,78,3,2,1,1,1,1
1518,16,79,4,1,1,0,2,0
1519,16,80,1,3,1,0,1,1
1520,16,81,1,2,0,0,2,0
1521,16,82,3,4,1,1,2,1
1522,16,83,4,3,0,1,2,1
1523,16,84,1,4,0,1,2,1
1524,16,85,4,1,1,0,2,0
1525,16,86,3,1,1,0,1,1
1526,16,87,3,4,1,1,1,1
1527,16,88,3,4,0,0,2,0
1528,16,89,1,2,0,0,1,0
1529,16,90,3,1,1,0,1,1
1530,16,91,4,3,1,0,2,0
1531,16,92,4,1,1,0,1,1
1532,16,93,1,2,0,0,1,0
1533,16,94,3,2,1,1,1,1
1534,16,95,2,3,0,0,2,0
1535,16,96,1,4,0,1,2,1
1536,17,1,3,1,1,0,2,0
1537,17,2,3,1,1,0,1,1
1538,17,3,2,4,1,1,1,1
1539,17,4,2,4,1,1,2,1
1540,17,5,1,3,0,1,2,1
1541,17,6,1,3,0,1,2,1
1542,17,7,2,4,0,0,2,0
1543,17,8,1,3,1,0,2,0
1544,17,9,4,1,0,0,1,0
1545,17,10,1,3,0,1,2,1
1546,17,11,4,1,1,0,1,1
1547,17,12,3,1,0,0,2,0
1548,17,13,1,4,0,0,2,0
1549,17,14,4,2,1,1,2,1
1550,17,15,2,1,1,0,1,1
1551,17,16,3,1,0,0,1,0
1552,17,17,4,1,0,1,1,0
1553,17,18,4,3,1,0,2,0
1554,17,19,4,1,1,0,1,1
1555,17,20,3,4,0,1,2,1
1556,17,21,2,3,0,1,2,1
1557,17,22,4,2,1,0,2,0
1558,17,23,1,3,0,1,1,0
1559,17,24,2,4,0,1,1,0
1560,17,25,2,4,0,1,2,1
1561,17,26,2,3,1,1,2,1
1562,17,27,4,3,1,0,2,0
1563,17,28,1,2,0,1,1,0
1564,17,29,3,2,1,1,1,1
1565,17,30,2,3,1,1,2,1
1566,17,31,1,2,0,1,2,1
1567,17,32,4,3,1,0,2,0
1568,17,33,3,1,0,0,2,0
1569,17,34,1,2,1,0,1,1
1570,17,35,4,3,0,1,2,1
1571,17,36,4,2,1,0,1,1
1572,17,37,3,2,1,1,2,1
1573,17,38,3,2,1,1,2,1
1574,17,39,4,1,0,1,1,0
1575,17,40,4,3,0,1,2,1
1576,17,41,4,1,1,0,1,1
1577,17,42,4,2,1,0,2,0
1578,17,43,2,3,1,1,2,1
1579,17,44,2,1,0,1,1,0
1580,17,45,2,1,0,1,2,1
1581,17,46,2,1,0,1,2,1
1582,17,47,3,4,0,1,2,1
1583,17,48,4,2,1,1,1,1
1584,17,49,3,4,0,1,1,0
1585,17,50,4,3,1,0,2,0
1586,17,51,3,4,1,1,2,1
1587,17,52,1,2,0,0,1,0
1588,17,53,3,4,0,1,2,1
1589,17,54,3,1,0,0,1,0
1590,17,55,1,4,0,1,2,1
1591,17,56,1,4,0,1,2,1
1592,17,57,1,4,0,0,2,0
1593,17,58,4,2,1,1,1,1
1594,17,59,3,4,1,1,2,1
1595,17,60,2,4,0,1,2,1
1596,17,61,3,2,1,1,2,1
1597,17,62,3,2,1,1,1,1
1598,17,63,2,4,0,0,2,0
1599,17,64,2,1,0,0,1,0
1600,17,65,1,4,0,1,2,1
1601,17,66,1,2,0,0,2,0
1602,17,67,3,2,1,0,2,0
1603,17,68,4,3,1,0,2,0
1604,17,69,2,1,0,1,2,1
1605,17,70,1,3,1,0,1,1
1606,17,71,4,2,1,1,1,1
1607,17,72,3,1,0,0,1,0
1608,17,73,4,1,1,0,2,0
1609,17,74,4,1,0,0,1,0
1610,17,75,4,2,1,0,1,1
1611,17,76,2,3,0,1,2,1
1612,17,77,2,4,0,1,2,1
1613,17,78,3,2,1,1,2,1
1614,17,79,1,2,0,0,1,0
1615,17,80,3,1,0,0,2,0
1616,17,81,3,2,1,0,1,1
1617,17,82,4,3,1,0,2,0
1618,17,83,1,4,0,1,2,1
1619,17,84,2,1,0,0,2,0
1620,17,85,3,4,0,1,1,0
1621,17,86,3,4,0,1,2,1
1622,17,87,2,3,0,1,1,0
1623,17,88,2,3,0,1,2,1
1624,17,89,1,2,0,0,1,0
1625,17,90,1,4,0,1,2,1
1626,17,91,2,1,1,0,1,1
1627,17,92,2,3,1,1,2,1
1628,17,93,1,4,0,1,2,1
1629,17,94,1,3,0,1,2,1
1630,17,95,1,2,1,0,2,0
1631,17,96,1,3,0,1,2,1
1632,18,1,3,2,1,1,2,1
1633,18,2,3,2,1,1,1,1
1634,18,3,2,3,1,0,1,1
1635,18,4,1,3,1,1,1,1
1636,18,5,2,3,1,0,2,0
1637,18,6,1,4,0,1,1,0
1638,18,7,4,3,0,1,1,0
1639,18,8,1,3,1,1,2,1
1640,18,9,3,4,1,1,1,1
1641,18,10,4,2,1,1,2,1
1642,18,11,2,3,1,1,2,1
1643,18,12,4,1,1,1,2,1
1644,18,13,2,4,1,0,1,1
1645,18,14,4,2,1,1,1,1
1646,18,15,4,1,1,0,1,1
1647,18,16,4,1,1,1,2,1
1648,18,17,1,3,0,1,1,0
1649,18,18,1,4,0,1,1,0
1650,18,19,3,4,1,1,2,1
1651,18,20,3,1,1,0,1,1
1652,18,21,2,1,0,0,1,0
1653,18,22,3,2,0,0,2,0
1654,18,23,1,4,0,0,2,0
1655,18,24,1,2,1,1,1,1
1656,18,25,3,1,0,0,2,0
1657,18,26,3,4,1,0,2,0
1658,18,27,1,2,1,0,1,1
1659,18,28,4,1,1,0,2,0
1660,18,29,3,4,1,1,1,1
1661,18,30,1,2,0,1,1,0
1662,18,31,2,4,0,1,1,0
1663,18,32,2,1,0,1,2,1
1664,18,33,1,3,0,1,2,1
1665,18,34,3,4,1,1,1,1
1666,18,35,4,2,1,1,2,1
1667,18,36,2,4,0,1,1,0
1668,18,37,4,3,1,1,2,1
1669,18,38,1,4,0,1,1,0
1670,18,39,2,4,1,0,2,0
1671,18,40,1,4,0,1,2,1
1672,18,41,4,3,1,1,2,1
1673,18,42,4,3,1,1,2,1
1674,18,43,2,3,0,0,1,0
1675,18,44,1,4,0,0,2,0
1676,18,45,3,4,0,1,1,0
1677,18,46,2,4,0,1,2,1
1678,18,47,3,2,0,0,2,0
1679,18,48,2,3,1,1,2,1
1680,18,49,4,2,1,0,1,1
1681,18,50,3,2,1,0,1,1
1682,18,51,4,3,1,0,1,1
1683,18,52,3,4,0,1,2,1
1684,18,53,2,4,1,1,2,1
1685,18,54,1,3,0,0,2,0
1686,18,55,2,4,1,1,2,1
1687,18,56,4,1,1,0,1,1
1688,18,57,3,2,1,0,2,0
1689,18,58,4,1,1,0,1,1
1690,18,59,2,3,0,0,2,0
1691,18,60,4,1,1,0,1,1
1692,18,61,2,1,0,1,1,0
1693,18,62,1,2,0,0,2,0
1694,18,63,3,1,1,0,1,1
1695,18,64,2,1,0,0,2,0
1696,18,65,4,1,1,0,1,1
1697,18,66,2,3,0,1,1,0
1698,18,67,2,1,0,0,2,0
1699,18,68,3,4,1,0,2,0
1700,18,69,1,2,1,1,2,1
1701,18,70,3,1,0,0,1,0
1702,18,71,4,3,1,0,2,0
1703,18,72,3,2,0,0,2,0
1704,18,73,3,1,0,0,1,0
1705,18,74,1,2,1,0,1,1
1706,18,75,1,3,0,0,1,0
1707,18,76,2,3,0,1,1,0
1708,18,77,3,1,0,0,2,0
1709,18,78,2,1,0,0,1,0
1710,18,79,3,1,1,0,1,1
1711,18,80,2,4,0,1,2,1
1712,18,81,4,2,1,0,1,1
1713,18,82,1,4,0,0,2,0
1714,18,83,2,1,0,0,1,0
1715,18,84,1,2,0,1,1,0
1716,18,85,1,2,0,0,1,0
1717,18,86,4,2,1,1,1,1
1718,18,87,3,2,0,0,1,0
1719,18,88,2,1,0,0,2,0
1720,18,89,4,2,1,1,1,1
1721,18,90,3,1,1,0,1,1
1722,18,91,4,3,0,1,2,1
1723,18,92,1,3,0,0,2,0
1724,18,93,4,2,1,1,1,1
1725,18,94,4,3,1,1,2,1
1726,18,95,1,3,0,0,1,0
1727,18,96,1,4,0,0,1,0
1728,19,1,2,3,0,0,2,0
1729,19,2,2,3,0,0,1,0
1730,19,3,4,1,1,0,1,1
1731,19,4,4,1,1,0,2,0
1732,19,5,4,1,1,0,1,1
1733,19,6,2,4,0,1,2,1
1734,19,7,3,2,0,1,2,1
1735,19,8,4,1,1,0,1,1
1736,19,9,1,4,0,0,2,0
1737,19,10,4,2,1,1,1,1
1738,19,11,1,4,1,1,2,1
1739,19,12,1,3,0,0,1,0
1740,19,13,1,3,0,0,2,0
1741,19,14,3,1,1,1,1,1
1742,19,15,4,2,1,1,1,1
1743,19,16,2,3,0,1,1,0
1744,19,17,2,4,1,0,2,0
1745,19,18,1,3,0,1,1,0
1746,19,19,3,4,1,1,1,1
1747,19,20,3,4,1,1,2,1
1748,19,21,1,3,0,1,2,1
1749,19,22,4,2,1,1,1,1
1750,19,23,2,4,0,1,2,1
1751,19,24,2,1,1,0,1,1
1752,19,25,4,1,0,0,1,0
1753,19,26,4,2,1,1,2,1
1754,19,27,2,3,0,0,1,0
1755,19,28,1,3,1,0,2,0
1756,19,29,1,4,0,0,2,0
1757,19,30,3,1,0,0,1,0
1758,19,31,1,2,0,0,2,0
1759,19,32,4,3,1,0,1,1
1760,19,33,3,4,0,0,2,0
1761,19,34,2,1,1,1,1,1
1762,19,35,3,4,1,1,2,1
1763,19,36,1,4,1,1,2,1
1764,19,37,4,2,1,0,1,1
1765,19,38,4,3,1,1,1,1
1766,19,39,1,2,0,0,1,0
1767,19,40,4,2,1,0,2,0
1768,19,41,4,2,1,1,1,1
1769,19,42,2,1,0,0,1,0
1770,19,43,1,2,0,0,1,0
1771,19,44,3,2,0,0,1,0
1772,19,45,3,1,1,0,1,1
1773,19,46,4,3,1,1,1,1
1774,19,47,2,4,0,1,2,1
1775,19,48,3,1,1,0,2,0
1776,19,49,4,3,1,1,1,1
1777,19,50,2,3,1,1,2,1
1778,19,51,3,1,1,0,1,1
1779,19,52,1,4,1,1,2,1
1780,19,53,4,1,1,0,1,1
1781,19,54,1,3,1,0,2,0
1782,19,55,3,4,1,1,2,1
1783,19,56,1,2,0,0,2,0
1784,19,57,1,2,0,0,2,0
1785,19,58,1,3,0,1,2,1
1786,19,59,3,2,1,0,1,1
1787,19,60,1,2,0,1,2,1
1788,19,61,4,1,0,0,1,0
1789,19,62,1,4,1,1,2,1
1790,19,63,1,2,0,0,2,0
1791,19,64,2,1,0,0,2,0
1792,19,65,4,3,1,0,1,1
1793,19,66,2,1,1,1,1,1
1794,19,67,3,4,1,1,2,1
1795,19,68,2,1,1,0,1,1
1796,19,69,1,2,0,1,2,1
1797,19,70,2,3,0,0,2,0
1798,19,71,1,3,0,1,2,1
1799,19,72,2,4,1,0,2,0
1800,19,73,3,4,0,0,2,0
1801,19,74,3,2,0,1,1,0
1802,19,75,3,4,1,1,2,1
1803,19,76,4,3,1,1,1,1
1804,19,77,4,3,1,1,1,1
1805,19,78,2,1,1,0,2,0
1806,19,79,2,4,0,1,2,1
1807,19,80,1,4,0,0,2,0
1808,19,81,3,1,1,1,1,1
1809,19,82,4,1,1,0,1,1
1810,19,83,3,2,0,0,1,0
1811,19,84,2,4,0,1,2,1
1812,19,85,3,1,1,0,1,1
1813,19,86,2,3,1,1,1,1
1814,19,87,2,1,1,0,1,1
1815,19,88,3,2,0,0,2,0
1816,19,89,3,1,0,0,1,0
1817,19,90,3,2,1,0,1,1
1818,19,91,4,2,1,1,1,1
1819,19,92,2,4,0,1,2,1
1820,19,93,1,4,0,0,2,0
1821,19,94,2,3,0,1,1,0
1822,19,95,3,2,0,0,2,0
1823,19,96,4,3,1,1,1,1
1824,910,1,2,1,1,0,1,1
1825,910,2,2,4,1,1,1,1
1826,910,3,2,1,1,0,2,0
1827,910,4,2,4,1,1,1,1
1828,910,5,3,1,1,0,1,1
1829,910,6,3,1,1,0,1,1
1830,910,7,2,1,0,0,1,0
1831,910,8,3,4,1,1,1,1
1832,910,9,4,1,1,0,1,1
1833,910,10,1,2,0,0,2,0
1834,910,11,4,1,1,0,1,1
1835,910,12,1,3,0,1,2,1
1836,910,13,3,4,1,1,2,1
1837,910,14,2,4,0,1,1,0
1838,910,15,3,2,0,0,2,0
1839,910,16,2,4,0,1,1,0
1840,910,17,3,4,0,1,2,1
1841,910,18,1,4,1,1,2,1
1842,910,19,2,3,0,1,2,1
1843,910,20,1,4,0,0,2,0
1844,910,21,4,1,1,0,2,0
1845,910,22,3,2,0,0,1,0
1846,910,23,4,2,1,1,1,1
1847,910,24,3,1,1,1,1,1
1848,910,25,4,2,1,1,1,1
1849,910,26,4,2,0,0,1,0
1850,910,27,3,1,1,0,2,0
1851,910,28,2,4,0,1,2,1
1852,910,29,1,2,0,0,1,0
1853,910,30,3,1,1,0,1,1
1854,910,31,3,2,1,1,2,1
1855,910,32,3,2,0,0,1,0
1856,910,33,1,4,0,0,2,0
1857,910,34,4,3,1,0,1,1
1858,910,35,4,3,0,1,1,0
1859,910,36,3,1,1,0,1,1
1860,910,37,1,4,0,1,2,1
1861,910,38,1,2,1,0,2,0
1862,910,39,1,2,1,0,2,0
1863,910,40,1,3,0,0,1,0
1864,910,41,3,4,1,0,2,0
1865,910,42,4,2,1,1,2,1
1866,910,43,3,4,1,1,1,1
1867,910,44,1,2,0,0,1,0
1868,910,45,1,3,0,0,1,0
1869,910,46,2,3,0,0,2,0
1870,910,47,4,1,1,0,2,0
1871,910,48,4,3,1,0,2,0
1872,910,49,4,1,1,0,1,1
1873,910,50,1,4,1,1,1,1
1874,910,51,4,1,1,0,1,1
1875,910,52,3,1,1,1,1,1
1876,910,53,1,2,0,0,1,0
1877,910,54,1,4,1,1,2,1
1878,910,55,3,2,0,0,2,0
1879,910,56,1,3,0,1,2,1
1880,910,57,3,4,1,0,2,0
1881,910,58,3,2,0,0,1,0
1882,910,59,4,3,0,0,1,0
1883,910,60,2,3,0,0,1,0
1884,910,61,3,1,1,0,2,0
1885,910,62,4,3,1,1,1,1
1886,910,63,1,4,0,1,1,0
1887,910,64,4,3,0,0,2,0
1888,910,65,3,4,1,1,1,1
1889,910,66,2,4,0,1,1,0
1890,910,67,2,1,1,1,1,1
1891,910,68,4,1,1,0,1,1
1892,910,69,3,2,0,0,1,0
1893,910,70,4,2,1,1,1,1
1894,910,71,1,4,1,1,2,1
1895,910,72,2,1,1,0,1,1
1896,910,73,4,2,1,1,2,1
1897,910,74,2,4,0,1,2,1
1898,910,75,4,1,1,0,2,0
1899,910,76,4,3,1,1,1,1
1900,910,77,1,3,0,1,1,0
1901,910,78,1,3,0,1,2,1
1902,910,79,2,1,1,0,1,1
1903,910,80,2,1,1,1,1,1
1904,910,81,2,3,0,0,2,0
1905,910,82,4,2,0,0,2,0
1906,910,83,4,2,1,1,1,1
1907,910,84,3,4,0,1,1,0
1908,910,85,2,3,1,0,2,0
1909,910,86,1,2,0,1,1,0
1910,910,87,4,3,0,1,1,0
1911,910,88,2,3,1,0,2,0
1912,910,89,1,3,0,1,1,0
1913,910,90,2,3,0,1,2,1
1914,910,91,1,3,0,1,2,1
1915,910,92,2,4,0,1,2,1
1916,910,93,2,3,0,0,1,0
1917,910,94,1,2,0,1,2,1
1918,910,95,3,2,1,1,1,1
1919,910,96,2,1,0,0,2,0
1920,911,1,1,3,1,1,1,1
1921,911,2,1,3,1,1,1,1
1922,911,3,4,3,1,0,1,1
1923,911,4,3,2,1,0,1,1
1924,911,5,4,3,1,0,1,1
1925,911,6,1,4,0,1,1,0
1926,911,7,3,2,1,0,2,0
1927,911,8,2,3,1,1,1,1
1928,911,9,1,2,1,0,1,1
1929,911,10,4,1,0,1,1,0
1930,911,11,4,3,0,1,2,1
1931,911,12,3,2,1,0,2,0
1932,911,13,1,4,0,1,1,0
1933,911,14,1,4,0,1,2,1
1934,911,15,4,1,1,0,2,0
1935,911,16,4,3,0,1,1,0
1936,911,17,4,2,1,0,2,0
1937,911,18,2,3,1,1,2,1
1938,911,19,4,2,1,0,1,1
1939,911,20,1,2,1,0,1,1
1940,911,21,4,1,1,0,2,0
1941,911,22,3,2,0,0,1,0
1942,911,23,3,2,0,0,1,0
1943,911,24,3,1,0,0,2,0
1944,911,25,2,1,0,0,1,0
1945,911,26,3,1,0,0,2,0
1946,911,27,3,2,1,0,2,0
1947,911,28,4,2,1,0,1,1
1948,911,29,2,3,1,0,1,1
1949,911,30,1,2,0,1,1,0
1950,911,31,1,4,0,1,2,1
1951,911,32,1,4,0,1,2,1
1952,911,33,1,3,1,0,1,1
1953,911,34,2,4,0,1,2,1
1954,911,35,4,3,1,1,1,1
1955,911,36,1,2,0,0,1,0
1956,911,37,3,1,1,0,1,1
1957,911,38,3,4,0,1,2,1
1958,911,39,4,2,1,0,1,1
1959,911,40,3,1,1,1,2,1
1960,911,41,3,4,1,1,2,1
1961,911,42,2,4,1,1,2,1
1962,911,43,1,2,0,0,2,0
1963,911,44,1,4,0,1,2,1
1964,911,45,2,1,0,0,2,0
1965,911,46,2,3,1,0,1,1
1966,911,47,1,2,0,1,1,0
1967,911,48,3,1,0,0,1,0
1968,911,49,3,1,0,0,2,0
1969,911,50,1,3,0,1,2,1
1970,911,51,3,2,1,0,1,1
1971,911,52,2,1,1,0,2,0
1972,911,53,1,4,0,1,2,1
1973,911,54,2,1,1,0,1,1
1974,911,55,3,4,1,0,2,0
1975,911,56,3,1,1,1,2,1
1976,911,57,2,4,1,1,2,1
1977,911,58,2,4,1,0,2,0
1978,911,59,3,1,1,0,1,1
1979,911,60,4,2,1,0,1,1
1980,911,61,4,1,1,0,2,0
1981,911,62,1,3,0,1,2,1
1982,911,63,3,4,1,0,2,0
1983,911,64,2,1,1,0,1,1
1984,911,65,1,3,1,0,2,0
1985,911,66,4,2,1,0,1,1
1986,911,67,4,1,0,1,1,0
1987,911,68,3,4,0,1,2,1
1988,911,69,4,1,1,0,1,1
1989,911,70,1,2,0,0,2,0
1990,911,71,1,2,0,0,2,0
1991,911,72,1,3,0,1,2,1
1992,911,73,4,3,1,1,1,1
1993,911,74,3,4,0,1,2,1
1994,911,75,1,4,0,1,2,1
1995,911,76,2,4,0,1,2,1
1996,911,77,2,4,1,1,2,1
1997,911,78,4,2,1,0,1,1
1998,911,79,2,4,1,1,2,1
1999,911,80,2,3,1,0,2,0
2000,911,81,3,2,1,0,2,0
2001,911,82,4,2,1,0,1,1
2002,911,83,4,1,1,0,1,1
2003,911,84,2,1,0,0,2,0
2004,911,85,2,3,1,0,1,1
2005,911,86,3,4,1,1,2,1
2006,911,87,4,1,1,0,1,1
2007,911,88,2,1,1,0,1,1
2008,911,89,2,3,1,0,1,1
2009,911,90,2,4,1,0,2,0
2010,911,91,3,4,0,1,2,1
2011,911,92,2,1,0,0,2,0
2012,911,93,4,3,0,1,1,0
2013,911,94,2,3,1,0,1,1
2014,911,95,4,3,0,1,1,0
2015,911,96,1,3,0,1,1,0
2016,912,1,1,3,1,0,2,0
2017,912,2,4,3,1,1,2,1
2018,912,3,1,2,0,1,1,0
2019,912,4,1,3,0,1,2,1
2020,912,5,2,4,0,1,1,0
2021,912,6,1,3,1,0,1,1
2022,912,7,4,3,1,1,2,1
2023,912,8,1,2,0,1,1,0
2024,912,9,3,2,1,1,1,1
2025,912,10,3,4,0,0,1,0
2026,912,11,4,2,1,1,2,1
2027,912,12,2,4,0,1,2,1
2028,912,13,2,1,0,0,1,0
2029,912,14,2,1,1,0,1,1
2030,912,15,3,4,0,1,1,0
2031,912,16,4,2,1,0,1,1
2032,912,17,4,2,1,1,1,1
2033,912,18,3,2,0,0,2,0
2034,912,19,4,2,1,0,1,1
2035,912,20,1,4,0,1,2,1
2036,912,21,1,4,0,1,2,1
2037,912,22,4,1,1,1,1,1
2038,912,23,1,2,1,1,2,1
2039,912,24,3,2,0,0,2,0
2040,912,25,2,1,0,0,1,0
2041,912,26,3,4,0,1,2,1
2042,912,27,4,1,0,0,2,0
2043,912,28,2,3,0,1,1,0
2044,912,29,4,1,1,0,2,0
2045,912,30,3,4,0,1,2,1
2046,912,31,3,4,1,1,2,1
2047,912,32,2,1,1,0,2,0
2048,912,33,2,3,1,0,1,1
2049,912,34,2,3,1,1,1,1
2050,912,35,2,3,1,1,2,1
2051,912,36,2,1,1,0,2,0
2052,912,37,4,3,1,1,1,1
2053,912,38,2,3,0,0,1,0
2054,912,39,2,3,0,1,1,0
2055,912,40,3,1,0,0,2,0
2056,912,41,1,4,0,1,2,1
2057,912,42,3,4,0,0,2,0
2058,912,43,2,3,1,0,2,0
2059,912,44,1,3,0,0,2,0
2060,912,45,1,3,0,1,2,1
2061,912,46,3,1,1,0,1,1
2062,912,47,4,3,0,1,1,0
2063,912,48,3,2,0,0,1,0
2064,912,49,2,4,1,0,1,1
2065,912,50,2,4,0,0,2,0
2066,912,51,3,1,1,0,1,1
2067,912,52,1,4,0,1,2,1
2068,912,53,2,1,1,0,1,1
2069,912,54,3,2,1,1,2,1
2070,912,55,4,1,0,0,1,0
2071,912,56,3,4,0,1,2,1
2072,912,57,4,1,1,0,1,1
2073,912,58,1,2,1,0,2,0
2074,912,59,1,4,0,1,1,0
2075,912,60,4,3,1,1,1,1
2076,912,61,3,2,1,0,2,0
2077,912,62,4,2,1,0,1,1
2078,912,63,4,1,1,1,1,1
2079,912,64,1,4,0,1,2,1
2080,912,65,4,2,1,1,1,1
2081,912,66,2,1,0,1,1,0
2082,912,67,4,1,1,0,1,1
2083,912,68,3,4,1,1,2,1
2084,912,69,1,2,0,0,2,0
2085,912,70,1,4,0,1,2,1
2086,912,71,4,3,0,1,1,0
2087,912,72,3,1,1,0,2,0
2088,912,73,2,3,0,0,2,0
2089,912,74,4,3,1,1,1,1
2090,912,75,3,1,1,0,1,1
2091,912,76,4,3,1,1,2,1
2092,912,77,1,3,0,1,1,0
2093,912,78,4,1,1,0,1,1
2094,912,79,3,1,1,0,2,0
2095,912,80,1,2,0,0,1,0
2096,912,81,2,4,0,0,2,0
2097,912,82,2,1,0,1,2,1
2098,912,83,4,2,1,0,1,1
2099,912,84,3,1,1,0,1,1
2100,912,85,3,2,0,0,2,0
2101,912,86,1,3,0,0,2,0
2102,912,87,1,4,0,1,2,1
2103,912,88,2,4,0,1,2,1
2104,912,89,3,1,0,0,1,0
2105,912,90,2,4,1,0,1,1
2106,912,91,2,4,0,1,2,1
2107,912,92,1,3,0,1,1,0
2108,912,93,4,2,1,1,1,1
2109,912,94,1,2,1,0,2,0
2110,912,95,1,2,1,1,1,1
2111,912,96,3,2,1,0,1,1
2112,913,1,4,1,1,0,2,0
2113,913,2,4,3,0,1,1,0
2114,913,3,4,1,1,0,2,0
2115,913,4,4,3,0,1,1,0
2116,913,5,2,4,1,1,1,1
2117,913,6,2,1,1,0,1,1
2118,913,7,1,2,0,0,2,0
2119,913,8,2,4,1,1,2,1
2120,913,9,3,1,0,0,2,0
2121,913,10,3,2,0,0,1,0
2122,913,11,3,2,1,0,1,1
2123,913,12,2,1,0,0,1,0
2124,913,13,1,2,1,1,2,1
2125,913,14,2,3,0,1,2,1
2126,913,15,3,4,1,1,1,1
2127,913,16,4,1,1,0,1,1
2128,913,17,1,3,0,1,2,1
2129,913,18,4,3,1,0,2,0
2130,913,19,2,1,0,0,1,0
2131,913,20,1,4,0,1,2,1
2132,913,21,2,3,1,1,1,1
2133,913,22,3,1,0,0,1,0
2134,913,23,1,3,0,0,2,0
2135,913,24,2,4,0,1,1,0
2136,913,25,4,1,1,1,1,1
2137,913,26,3,4,1,0,2,0
2138,913,27,3,1,0,0,1,0
2139,913,28,3,4,0,1,2,1
2140,913,29,1,4,0,1,2,1
2141,913,30,2,3,0,1,2,1
2142,913,31,4,1,1,1,1,1
2143,913,32,2,4,1,0,2,0
2144,913,33,3,2,0,0,1,0
2145,913,34,1,2,1,0,2,0
2146,913,35,2,3,1,0,2,0
2147,913,36,2,4,0,1,2,1
2148,913,37,3,2,1,1,1,1
2149,913,38,2,1,1,0,1,1
2150,913,39,4,2,1,1,1,1
2151,913,40,3,4,0,1,2,1
2152,913,41,1,3,0,1,2,1
2153,913,42,4,3,1,1,1,1
2154,913,43,2,1,0,0,2,0
2155,913,44,4,2,0,0,1,0
2156,913,45,3,2,1,1,1,1
2157,913,46,1,2,0,0,1,0
2158,913,47,3,4,1,1,1,1
2159,913,48,1,2,0,0,1,0
2160,913,49,1,3,0,0,2,0
2161,913,50,4,2,1,1,1,1
2162,913,51,4,2,0,0,1,0
2163,913,52,1,4,0,1,1,0
2164,913,53,3,1,0,0,1,0
2165,913,54,4,1,1,0,1,1
2166,913,55,2,1,0,0,1,0
2167,913,56,3,1,1,0,1,1
2168,913,57,2,3,1,1,2,1
2169,913,58,2,4,0,1,2,1
2170,913,59,2,1,0,0,2,0
2171,913,60,3,4,0,1,1,0
2172,913,61,4,3,1,0,2,0
2173,913,62,1,4,0,1,2,1
2174,913,63,4,2,1,1,1,1
2175,913,64,1,4,1,1,2,1
2176,913,65,2,3,0,1,2,1
2177,913,66,2,4,0,1,2,1
2178,913,67,2,1,0,0,2,0
2179,913,68,3,1,0,0,1,0
2180,913,69,4,2,1,1,1,1
2181,913,70,1,2,0,0,1,0
2182,913,71,1,3,0,1,2,1
2183,913,72,3,4,0,1,2,1
2184,913,73,2,3,0,1,2,1
2185,913,74,4,1,1,1,2,1
2186,913,75,1,3,0,1,2,1
2187,913,76,1,4,1,1,2,1
2188,913,77,1,2,1,0,1,1
2189,913,78,3,2,1,0,2,0
2190,913,79,3,4,1,0,2,0
2191,913,80,4,1,1,1,1,1
2192,913,81,4,3,0,1,1,0
2193,913,82,3,2,1,0,1,1
2194,913,83,4,2,1,1,1,1
2195,913,84,1,2,1,1,1,1
2196,913,85,2,3,1,0,2,0
2197,913,86,4,3,1,1,2,1
2198,913,87,1,4,0,1,2,1
2199,913,88,1,4,0,1,2,1
2200,913,89,4,3,0,1,1,0
2201,913,90,1,3,0,0,1,0
2202,913,91,3,2,1,0,2,0
2203,913,92,3,1,0,0,2,0
2204,913,93,3,1,1,0,1,1
2205,913,94,2,4,1,0,2,0
2206,913,95,1,3,0,0,2,0
2207,913,96,4,2,1,1,2,1
2208,914,1,3,4,0,1,1,0
2209,914,2,3,4,0,1,1,0
2210,914,3,2,4,1,1,1,1
2211,914,4,4,2,1,0,2,0
2212,914,5,2,4,1,1,2,1
2213,914,6,4,2,1,0,1,1
2214,914,7,4,1,0,1,2,1
2215,914,8,2,3,0,1,2,1
2216,914,9,4,3,1,1,2,1
2217,914,10,3,4,1,0,2,0
2218,914,11,2,1,0,0,2,0
2219,914,12,4,3,1,0,2,0
2220,914,13,3,2,1,0,1,1
2221,914,14,1,4,0,1,1,0
2222,914,15,4,2,1,1,1,1
2223,914,16,2,3,1,1,2,1
2224,914,17,3,1,1,1,2,1
2225,914,18,1,4,0,1,1,0
2226,914,19,2,1,1,0,2,0
2227,914,20,2,4,1,1,1,1
2228,914,21,4,1,1,0,2,0
2229,914,22,1,4,0,1,2,1
2230,914,23,3,1,1,0,1,1
2231,914,24,2,1,0,0,2,0
2232,914,25,1,4,0,1,1,0
2233,914,26,3,4,1,1,2,1
2234,914,27,2,4,0,1,1,0
2235,914,28,2,3,0,0,2,0
2236,914,29,1,2,0,0,2,0
2237,914,30,1,3,0,0,2,0
2238,914,31,2,4,0,1,2,1
2239,914,32,1,2,0,1,1,0
2240,914,33,4,3,1,1,1,1
2241,914,34,2,1,0,0,1,0
2242,914,35,1,3,0,1,2,1
2243,914,36,3,2,0,1,1,0
2244,914,37,3,1,1,1,1,1
2245,914,38,4,1,0,0,1,0
2246,914,39,3,4,0,1,2,1
2247,914,40,2,3,0,1,2,1
2248,914,41,1,2,0,1,1,0
2249,914,42,2,3,0,0,2,0
2250,914,43,1,3,0,1,2,1
2251,914,44,1,2,0,0,2,0
2252,914,45,3,2,1,0,1,1
2253,914,46,4,1,0,1,1,0
2254,914,47,3,2,0,0,1,0
2255,914,48,3,4,1,0,1,1
2256,914,49,1,3,0,0,1,0
2257,914,50,3,1,1,1,2,1
2258,914,51,4,2,0,1,1,0
2259,914,52,4,2,1,0,1,1
2260,914,53,3,2,0,0,1,0
2261,914,54,3,4,0,1,1,0
2262,914,55,4,1,1,0,2,0
2263,914,56,2,3,0,1,2,1
2264,914,57,1,2,0,0,1,0
2265,914,58,1,4,0,1,2,1
2266,914,59,1,3,0,1,2,1
2267,914,60,3,2,0,1,1,0
2268,914,61,3,1,0,1,1,0
2269,914,62,2,4,0,1,2,1
2270,914,63,1,4,0,0,1,0
2271,914,64,4,1,0,0,1,0
2272,914,65,1,3,0,1,1,0
2273,914,66,2,1,0,0,1,0
2274,914,67,2,3,0,1,2,1
2275,914,68,4,1,1,0,1,1
2276,914,69,1,3,0,1,2,1
2277,914,70,3,2,0,0,1,0
2278,914,71,4,3,1,0,1,1
2279,914,72,3,2,0,0,1,0
2280,914,73,3,1,1,1,1,1
2281,914,74,2,3,1,1,1,1
2282,914,75,3,4,1,1,1,1
2283,914,76,3,1,0,1,1,0
2284,914,77,2,1,1,0,2,0
2285,914,78,2,4,1,1,2,1
2286,914,79,3,1,1,0,1,1
2287,914,80,1,2,1,1,2,1
2288,914,81,2,1,1,0,1,1
2289,914,82,2,1,1,0,1,1
2290,914,83,4,2,0,1,1,0
2291,914,84,2,4,0,1,2,1
2292,914,85,4,2,1,1,1,1
2293,914,86,1,3,0,1,2,1
2294,914,87,4,3,1,0,2,0
2295,914,88,4,3,1,1,1,1
2296,914,89,4,2,1,0,1,1
2297,914,90,1,4,0,0,2,0
2298,914,91,4,1,1,0,1,1
2299,914,92,1,2,0,0,2,0
2300,914,93,1,4,0,1,2,1
2301,914,94,1,2,1,1,1,1
2302,914,95,4,3,1,0,2,0
2303,914,96,4,3,1,1,2,1
